layer	state_id	rejected
n34-m289	60	0
n34-m289	66	0
n34-m289	77	0
n34-m289	97	0
n34-m289	98	0
n34-m289	121	0
n34-m289	122	0
n34-m289	124	0
n34-m289	129	0
n34-m289	141	0
n34-m289	142	0
n34-m289	143	0
n34-m289	152	0
n34-m289	153	0
n34-m289	154	0
n34-m289	159	0
n34-m289	174	0
n34-m289	184	0
n34-m289	202	0
n34-m289	203	0
n34-m289	206	0
n34-m289	223	0
n34-m289	224	0
n34-m289	226	0
n34-m289	227	0
n34-m289	229	0
n34-m289	230	0
n34-m289	231	0
n34-m289	232	0
n34-m289	234	0
n34-m289	235	0
n34-m289	239	0
n34-m289	245	0
n34-m289	246	0
n34-m289	247	0
n34-m289	249	0
n34-m289	250	0
n34-m289	251	0
n34-m289	254	0
n34-m289	255	0
n34-m289	257	0
n34-m289	259	0
n34-m289	260	0
n34-m289	261	0
n34-m289	278	0
n34-m289	279	0
n34-m289	281	0
n34-m289	282	0
n34-m289	283	0
n34-m289	293	0
n34-m289	307	0
n34-m289	310	0
n34-m289	316	0
n34-m289	317	0
n34-m289	320	0
n34-m289	331	0
n34-m289	332	0
n34-m289	338	0
n34-m289	339	0
n34-m289	342	0
n34-m289	375	0
n34-m289	381	0
n34-m289	382	0
n34-m289	385	0
n34-m289	404	0
n34-m289	440	0
n34-m289	447	0
n34-m289	518	0
n34-m289	519	0
n34-m289	526	0
n34-m289	588	0
n34-m289	620	0
n34-m289	625	0
n34-m289	631	0
n34-m289	646	0
n34-m289	663	0
n34-m289	699	0
n34-m289	704	0
n34-m289	705	0
n34-m289	710	0
n34-m289	712	0
n34-m289	713	0
n34-m289	715	0
n34-m289	716	0
n34-m289	717	0
n34-m289	718	0
n34-m289	730	0
n34-m289	731	0
n34-m289	732	0
n34-m289	733	0
n34-m289	738	0
n34-m289	743	0
n34-m289	753	0
n34-m289	754	0
n34-m289	758	0
n34-m289	789	0
n34-m289	790	0
n34-m289	791	0
n34-m289	795	0
n34-m289	811	0
n34-m289	835	0
n34-m289	836	0
n34-m289	840	0
n34-m289	899	0
n34-m289	911	0
n34-m289	916	0
n34-m289	923	0
n34-m289	939	0
n34-m289	942	0
n34-m289	943	0
n34-m289	945	0
n34-m289	946	0
n34-m289	947	0
n34-m289	948	0
n34-m289	960	0
n34-m289	961	0
n34-m289	962	0
n34-m289	963	0
n34-m289	964	0
n34-m289	965	0
n34-m289	967	0
n34-m289	968	0
n34-m289	969	0
n34-m289	970	0
n34-m289	971	0
n34-m289	972	0
n34-m289	973	0
n34-m289	974	0
n34-m289	975	0
n34-m289	978	0
n34-m289	979	0
n34-m289	981	0
n34-m289	982	0
n34-m289	984	0
n34-m289	985	0
n34-m289	987	0
n34-m289	988	0
n34-m289	989	0
n34-m289	990	0
n34-m289	1014	0
n34-m289	1015	0
n34-m289	1017	0
n34-m289	1018	0
n34-m289	1020	0
n34-m289	1021	0
n34-m289	1022	0
n34-m289	1024	0
n34-m289	1025	0
n34-m289	1026	0
n34-m289	1027	0
n34-m289	1028	0
n34-m289	1030	0
n34-m289	1031	0
n34-m289	1032	0
n34-m289	1033	0
n34-m289	1034	0
n34-m289	1035	0
n34-m289	1036	0
n34-m289	1039	0
n34-m289	1040	0
n34-m289	1042	0
n34-m289	1043	0
n34-m289	1045	0
n34-m289	1046	0
n34-m289	1047	0
n34-m289	1048	0
n34-m289	1065	0
n34-m289	1066	0
n34-m289	1068	0
n34-m289	1069	0
n34-m289	1071	0
n34-m289	1072	0
n34-m289	1074	0
n34-m289	1075	0
n34-m289	1076	0
n34-m289	1077	0
n34-m289	1088	0
n34-m289	1112	0
n34-m289	1113	0
n34-m289	1117	0
n34-m289	1161	0
n34-m289	1162	0
n34-m289	1164	0
n34-m289	1165	0
n34-m289	1174	0
n34-m289	1175	0
n34-m289	1176	0
n34-m289	1180	0
n34-m289	1244	0
n34-m289	1245	0
n34-m289	1256	0
n34-m289	1264	0
n34-m289	1269	0
n34-m289	1270	0
n34-m289	1275	0
n34-m289	1276	0
n34-m289	1277	0
n34-m289	1279	0
n34-m289	1280	0
n34-m289	1281	0
n34-m289	1282	0
n34-m289	1294	0
n34-m289	1295	0
n34-m289	1296	0
n34-m289	1297	0
n34-m289	1301	0
n34-m289	1302	0
n34-m289	1303	0
n34-m289	1304	0
n34-m289	1306	0
n34-m289	1307	0
n34-m289	1308	0
n34-m289	1309	0
n34-m289	1312	0
n34-m289	1313	0
n34-m289	1315	0
n34-m289	1316	0
n34-m289	1318	0
n34-m289	1319	0
n34-m289	1321	0
n34-m289	1322	0
n34-m289	1323	0
n34-m289	1324	0
n34-m289	1348	0
n34-m289	1349	0
n34-m289	1351	0
n34-m289	1352	0
n34-m289	1354	0
n34-m289	1355	0
n34-m289	1356	0
n34-m289	1358	0
n34-m289	1359	0
n34-m289	1360	0
n34-m289	1361	0
n34-m289	1362	0
n34-m289	1364	0
n34-m289	1365	0
n34-m289	1366	0
n34-m289	1367	0
n34-m289	1368	0
n34-m289	1369	0
n34-m289	1370	0
n34-m289	1373	0
n34-m289	1374	0
n34-m289	1376	0
n34-m289	1377	0
n34-m289	1379	0
n34-m289	1380	0
n34-m289	1381	0
n34-m289	1382	0
n34-m289	1399	0
n34-m289	1400	0
n34-m289	1402	0
n34-m289	1403	0
n34-m289	1405	0
n34-m289	1406	0
n34-m289	1408	0
n34-m289	1409	0
n34-m289	1410	0
n34-m289	1411	0
n34-m289	1422	0
n34-m289	1446	0
n34-m289	1447	0
n34-m289	1451	0
n34-m289	1469	0
n34-m289	1470	0
n34-m289	1472	0
n34-m289	1473	0
n34-m289	1482	0
n34-m289	1483	0
n34-m289	1484	0
n34-m289	1488	0
n34-m289	1552	0
n34-m289	1553	0
n34-m289	1564	0
n34-m289	1572	0
n34-m289	1577	0
n34-m289	1578	0
n34-m289	1583	0
n34-m289	1584	0
n34-m289	1585	0
n34-m289	1587	0
n34-m289	1588	0
n34-m289	1589	0
n34-m289	1590	0
n34-m289	1594	0
n34-m289	1596	0
n34-m289	1602	0
n34-m289	1603	0
n34-m289	1604	0
n34-m289	1605	0
n34-m289	1611	0
n34-m289	1616	0
n34-m289	1626	0
n34-m289	1627	0
n34-m289	1631	0
n34-m289	1662	0
n34-m289	1663	0
n34-m289	1664	0
n34-m289	1668	0
n34-m289	1670	0
n34-m289	1672	0
n34-m289	1673	0
n34-m289	1674	0
n34-m289	1675	0
n34-m289	1676	0
n34-m289	1677	0
n34-m289	1678	0
n34-m289	1681	0
n34-m289	1682	0
n34-m289	1684	0
n34-m289	1685	0
n34-m289	1687	0
n34-m289	1688	0
n34-m289	1689	0
n34-m289	1690	0
n34-m289	1693	0
n34-m289	1694	0
n34-m289	1696	0
n34-m289	1697	0
n34-m289	1699	0
n34-m289	1700	0
n34-m289	1702	0
n34-m289	1703	0
n34-m289	1704	0
n34-m289	1705	0
n34-m289	1716	0
n34-m289	1740	0
n34-m289	1741	0
n34-m289	1745	0
n34-m289	1763	0
n34-m289	1764	0
n34-m289	1766	0
n34-m289	1767	0
n34-m289	1776	0
n34-m289	1777	0
n34-m289	1778	0
n34-m289	1782	0
n34-m289	1846	0
n34-m289	1847	0
n34-m289	1858	0
n34-m289	1871	0
n34-m289	1873	0
n34-m289	1876	0
n34-m289	1877	0
n34-m289	1878	0
n34-m289	1880	0
n34-m289	1881	0
n34-m289	1882	0
n34-m289	1883	0
n34-m289	1895	0
n34-m289	1896	0
n34-m289	1897	0
n34-m289	1898	0
n34-m289	1899	0
n34-m289	1900	0
n34-m289	1902	0
n34-m289	1903	0
n34-m289	1904	0
n34-m289	1906	0
n34-m289	1907	0
n34-m289	1908	0
n34-m289	1909	0
n34-m289	1910	0
n34-m289	1912	0
n34-m289	1913	0
n34-m289	1914	0
n34-m289	1918	0
n34-m289	1927	0
n34-m289	1928	0
n34-m289	1929	0
n34-m289	1930	0
n34-m289	1933	0
n34-m289	1934	0
n34-m289	1936	0
n34-m289	1937	0
n34-m289	1939	0
n34-m289	1940	0
n34-m289	1942	0
n34-m289	1943	0
n34-m289	1944	0
n34-m289	1945	0
n34-m289	1949	0
n34-m289	1959	0
n34-m289	1960	0
n34-m289	1964	0
n34-m289	1982	0
n34-m289	1983	0
n34-m289	1985	0
n34-m289	1986	0
n34-m289	1995	0
n34-m289	1996	0
n34-m289	1997	0
n34-m289	2001	0
n34-m289	2025	0
n34-m289	2026	0
n34-m289	2030	0
n34-m289	2034	0
n34-m289	2039	0
n34-m289	2040	0
n34-m289	2041	0
n34-m289	2043	0
n34-m289	2044	0
n34-m289	2045	0
n34-m289	2046	0
n34-m289	2048	0
n34-m289	2049	0
n34-m289	2050	0
n34-m289	2051	0
n34-m289	2052	0
n34-m289	2057	0
n34-m289	2059	0
n34-m289	2060	0
n34-m289	2061	0
n34-m289	2062	0
n34-m289	2063	0
n34-m289	2065	0
n34-m289	2066	0
n34-m289	2067	0
n34-m289	2068	0
n34-m289	2070	0
n34-m289	2071	0
n34-m289	2072	0
n34-m289	2073	0
n34-m289	2076	0
n34-m289	2077	0
n34-m289	2079	0
n34-m289	2080	0
n34-m289	2082	0
n34-m289	2083	0
n34-m289	2085	0
n34-m289	2086	0
n34-m289	2087	0
n34-m289	2088	0
n34-m289	2092	0
n34-m289	2102	0
n34-m289	2103	0
n34-m289	2107	0
n34-m289	2124	0
n34-m289	2125	0
n34-m289	2127	0
n34-m289	2128	0
n34-m289	2137	0
n34-m289	2138	0
n34-m289	2139	0
n34-m289	2143	0
n34-m289	2167	0
n34-m289	2168	0
n34-m289	2172	0
n34-m289	2174	0
n34-m289	2179	0
n34-m289	2180	0
n34-m289	2181	0
n34-m289	2183	0
n34-m289	2184	0
n34-m289	2185	0
n34-m289	2186	0
n34-m289	2188	0
n34-m289	2189	0
n34-m289	2190	0
n34-m289	2191	0
n34-m289	2197	0
n34-m289	2216	0
n34-m289	2225	0
n34-m289	2226	0
n34-m289	2227	0
n34-m289	2231	0
n34-m289	2233	0
n34-m289	2234	0
n34-m289	2236	0
n34-m289	2237	0
n34-m289	2238	0
n34-m289	2239	0
n34-m289	2241	0
n34-m289	2242	0
n34-m289	2243	0
n34-m289	2244	0
n34-m289	2247	0
n34-m289	2248	0
n34-m289	2250	0
n34-m289	2251	0
n34-m289	2253	0
n34-m289	2254	0
n34-m289	2256	0
n34-m289	2257	0
n34-m289	2258	0
n34-m289	2259	0
n34-m289	2264	0
n34-m289	2273	0
n34-m289	2274	0
n34-m289	2275	0
n34-m289	2276	0
n34-m289	2277	0
n34-m289	2278	0
n34-m289	2279	0
n34-m289	2280	0
n34-m289	2281	0
n34-m289	2284	0
n34-m289	2285	0
n34-m289	2287	0
n34-m289	2288	0
n34-m289	2290	0
n34-m289	2291	0
n34-m289	2293	0
n34-m289	2294	0
n34-m289	2295	0
n34-m289	2296	0
n34-m289	2300	0
n34-m289	2302	0
n34-m289	2303	0
n34-m289	2306	0
n34-m289	2307	0
n34-m289	2309	0
n34-m289	2312	0
n34-m289	2313	0
n34-m289	2315	0
n34-m289	2316	0
n34-m289	2319	0
n34-m289	2320	0
n34-m289	2322	0
n34-m289	2323	0
n34-m289	2325	0
n34-m289	2326	0
n34-m289	2327	0
n34-m289	2329	0
n34-m289	2330	0
n34-m289	2331	0
n34-m289	2332	0
n34-m289	2340	0
n34-m289	2341	0
n34-m289	2342	0
n34-m289	2346	0
n34-m289	2363	0
n34-m289	2364	0
n34-m289	2366	0
n34-m289	2367	0
n34-m289	2376	0
n34-m289	2377	0
n34-m289	2378	0
n34-m289	2382	0
n34-m289	2410	0
n34-m289	2412	0
n34-m289	2413	0
n34-m289	2416	0
n34-m289	2417	0
n34-m289	2419	0
n34-m289	2420	0
n34-m289	2436	0
n34-m289	2437	0
n34-m289	2439	0
n34-m289	2440	0
n34-m289	2442	0
n34-m289	2443	0
n34-m289	2452	0
n34-m289	2453	0
n34-m289	2454	0
n34-m289	2458	0
n34-m289	2501	0
n34-m289	2502	0
n34-m289	2504	0
n34-m289	2505	0
n34-m289	2514	0
n34-m289	2515	0
n34-m289	2516	0
n34-m289	2520	0
n34-m289	2522	0
n34-m289	2527	0
n34-m289	2529	0
n34-m289	2530	0
n34-m289	2531	0
n34-m289	2532	0
n34-m289	2533	0
n34-m289	2535	0
n34-m289	2536	0
n34-m289	2537	0
n34-m289	2538	0
n34-m289	2539	0
n34-m289	2544	0
n34-m289	2545	0
n34-m289	2547	0
n34-m289	2548	0
n34-m289	2549	0
n34-m289	2550	0
n34-m289	2553	0
n34-m289	2554	0
n34-m289	2556	0
n34-m289	2558	0
n34-m289	2559	0
n34-m289	2561	0
n34-m289	2562	0
n34-m289	2563	0
n34-m289	2564	0
n34-m289	2565	0
n34-m289	2567	0
n34-m289	2568	0
n34-m289	2569	0
n34-m289	2570	0
n34-m289	2571	0
n34-m289	2572	0
n34-m289	2573	0
n34-m289	2574	0
n34-m289	2575	0
n34-m289	2578	0
n34-m289	2579	0
n34-m289	2581	0
n34-m289	2583	0
n34-m289	2584	0
n34-m289	2586	0
n34-m289	2587	0
n34-m289	2588	0
n34-m289	2589	0
n34-m289	2593	0
n34-m289	2595	0
n34-m289	2596	0
n34-m289	2599	0
n34-m289	2600	0
n34-m289	2603	0
n34-m289	2604	0
n34-m289	2606	0
n34-m289	2607	0
n34-m289	2610	0
n34-m289	2611	0
n34-m289	2613	0
n34-m289	2615	0
n34-m289	2616	0
n34-m289	2617	0
n34-m289	2619	0
n34-m289	2620	0
n34-m289	2621	0
n34-m289	2622	0
n34-m289	2623	0
n34-m289	2624	0
n34-m289	2625	0
n34-m289	2626	0
n34-m289	2629	0
n34-m289	2630	0
n34-m289	2632	0
n34-m289	2633	0
n34-m289	2635	0
n34-m289	2636	0
n34-m289	2637	0
n34-m289	2638	0
n34-m289	2642	0
n34-m289	2644	0
n34-m289	2645	0
n34-m289	2648	0
n34-m289	2649	0
n34-m289	2651	0
n34-m289	2654	0
n34-m289	2655	0
n34-m289	2657	0
n34-m289	2658	0
n34-m289	2660	0
n34-m289	2661	0
n34-m289	2663	0
n34-m289	2664	0
n34-m289	2665	0
n34-m289	2666	0
n34-m289	2705	0
n34-m289	2706	0
n34-m289	2708	0
n34-m289	2709	0
n34-m289	2718	0
n34-m289	2719	0
n34-m289	2720	0
n34-m289	2724	0
n34-m289	2726	0
n34-m289	2731	0
n34-m289	2732	0
n34-m289	2734	0
n34-m289	2735	0
n34-m289	2736	0
n34-m289	2737	0
n34-m289	2740	0
n34-m289	2741	0
n34-m289	2743	0
n34-m289	2745	0
n34-m289	2746	0
n34-m289	2748	0
n34-m289	2749	0
n34-m289	2750	0
n34-m289	2751	0
n34-m289	2752	0
n34-m289	2754	0
n34-m289	2755	0
n34-m289	2756	0
n34-m289	2757	0
n34-m289	2759	0
n34-m289	2760	0
n34-m289	2761	0
n34-m289	2762	0
n34-m289	2763	0
n34-m289	2764	0
n34-m289	2765	0
n34-m289	2766	0
n34-m289	2767	0
n34-m289	2770	0
n34-m289	2771	0
n34-m289	2773	0
n34-m289	2775	0
n34-m289	2776	0
n34-m289	2778	0
n34-m289	2779	0
n34-m289	2780	0
n34-m289	2781	0
n34-m289	2785	0
n34-m289	2787	0
n34-m289	2788	0
n34-m289	2791	0
n34-m289	2792	0
n34-m289	2795	0
n34-m289	2796	0
n34-m289	2798	0
n34-m289	2799	0
n34-m289	2802	0
n34-m289	2803	0
n34-m289	2805	0
n34-m289	2807	0
n34-m289	2808	0
n34-m289	2809	0
n34-m289	2811	0
n34-m289	2812	0
n34-m289	2813	0
n34-m289	2814	0
n34-m289	2818	0
n34-m289	2819	0
n34-m289	2826	0
n34-m289	2828	0
n34-m289	2829	0
n34-m289	2832	0
n34-m289	2833	0
n34-m289	2839	0
n34-m289	2840	0
n34-m289	2841	0
n34-m289	2842	0
n34-m289	2843	0
n34-m289	2846	0
n34-m289	2847	0
n34-m289	2858	0
n34-m289	2859	0
n34-m289	2862	0
n34-m289	2863	0
n34-m289	2865	0
n34-m289	2866	0
n34-m289	2872	0
n34-m289	2874	0
n34-m289	2875	0
n34-m289	2876	0
n34-m289	2879	0
n34-m289	2880	0
n34-m289	2886	0
n34-m289	2889	0
n34-m289	2890	0
n34-m289	2892	0
n34-m289	2893	0
n34-m289	2897	0
n34-m289	2899	0
n34-m289	2900	0
n34-m289	2904	0
n34-m289	2906	0
n34-m289	2907	0
n34-m289	2910	0
n34-m289	2911	0
n34-m289	2913	0
n34-m289	2917	0
n34-m289	2919	0
n34-m289	2920	0
n34-m289	2923	0
n34-m289	2924	0
n34-m289	2927	0
n34-m289	2928	0
n34-m289	2930	0
n34-m289	2931	0
n34-m289	2933	0
n34-m289	2934	0
n34-m289	2937	0
n34-m289	2938	0
n34-m289	2940	0
n34-m289	2942	0
n34-m289	2943	0
n34-m289	2944	0
n34-m289	2946	0
n34-m289	2947	0
n34-m289	2948	0
n34-m289	2949	0
n34-m289	2950	0
n34-m289	2951	0
n34-m289	2952	0
n34-m289	2953	0
n34-m289	2954	0
n34-m289	2955	0
n34-m289	2956	0
n34-m289	2957	0
n34-m289	2958	0
n34-m289	2959	0
n34-m289	2960	0
n34-m289	2961	0
n34-m289	2965	0
n34-m289	2967	0
n34-m289	2968	0
n34-m289	2971	0
n34-m289	2972	0
n34-m289	2974	0
n34-m289	2977	0
n34-m289	2978	0
n34-m289	2980	0
n34-m289	2981	0
n34-m289	2983	0
n34-m289	2984	0
n34-m289	2986	0
n34-m289	2987	0
n34-m289	2988	0
n34-m289	2989	0
n34-m289	2994	0
n34-m289	2997	0
n34-m289	2998	0
n34-m289	3000	0
n34-m289	3001	0
n34-m289	3005	0
n34-m289	3007	0
n34-m289	3008	0
n34-m289	3011	0
n34-m289	3012	0
n34-m289	3016	0
n34-m289	3018	0
n34-m289	3019	0
n34-m289	3022	0
n34-m289	3023	0
n34-m289	3025	0
n34-m289	3028	0
n34-m289	3029	0
n34-m289	3031	0
n34-m289	3032	0
n34-m289	3035	0
n34-m289	3036	0
n34-m289	3038	0
n34-m289	3039	0
n34-m289	3041	0
n34-m289	3042	0
n34-m289	3043	0
n34-m289	3045	0
n34-m289	3046	0
n34-m289	3047	0
n34-m289	3048	0
n34-m289	3113	0
n34-m289	3115	0
n34-m289	3116	0
n34-m289	3119	0
n34-m289	3120	0
n34-m289	3122	0
n34-m289	3123	0
n34-m289	3139	0
n34-m289	3140	0
n34-m289	3142	0
n34-m289	3143	0
n34-m289	3145	0
n34-m289	3146	0
n34-m289	3155	0
n34-m289	3156	0
n34-m289	3157	0
n34-m289	3161	0
n34-m289	3166	0
n34-m289	3167	0
n34-m289	3169	0
n34-m289	3170	0
n34-m289	3171	0
n34-m289	3172	0
n34-m289	3173	0
n34-m289	3174	0
n34-m289	3175	0
n34-m289	3178	0
n34-m289	3179	0
n34-m289	3181	0
n34-m289	3182	0
n34-m289	3184	0
n34-m289	3185	0
n34-m289	3186	0
n34-m289	3190	0
n34-m289	3192	0
n34-m289	3193	0
n34-m289	3196	0
n34-m289	3197	0
n34-m289	3199	0
n34-m289	3202	0
n34-m289	3203	0
n34-m289	3205	0
n34-m289	3206	0
n34-m289	3207	0
n34-m289	3209	0
n34-m289	3210	0
n34-m289	3211	0
n34-m289	3215	0
n34-m289	3222	0
n34-m289	3223	0
n34-m289	3226	0
n34-m289	3232	0
n34-m289	3233	0
n34-m289	3234	0
n34-m289	3237	0
n34-m289	3248	0
n34-m289	3249	0
n34-m289	3251	0
n34-m289	3257	0
n34-m289	3258	0
n34-m289	3259	0
n34-m289	3262	0
n34-m289	3279	0
n34-m289	3281	0
n34-m289	3282	0
n34-m289	3285	0
n34-m289	3286	0
n34-m289	3296	0
n34-m289	3297	0
n34-m289	3299	0
n34-m289	3301	0
n34-m289	3302	0
n34-m289	3308	0
n34-m289	3309	0
n34-m289	3310	0
n34-m289	3313	0
n34-m289	3315	0
n34-m289	3316	0
n34-m289	3317	0
n34-m289	3318	0
n34-m289	3319	0
n34-m289	3320	0
n34-m289	3321	0
n34-m289	3322	0
n34-m289	3323	0
n34-m289	3324	0
n34-m289	3325	0
n34-m289	3329	0
n34-m289	3331	0
n34-m289	3332	0
n34-m289	3335	0
n34-m289	3336	0
n34-m289	3339	0
n34-m289	3340	0
n34-m289	3342	0
n34-m289	3344	0
n34-m289	3345	0
n34-m289	3347	0
n34-m289	3348	0
n34-m289	3349	0
n34-m289	3350	0
n34-m289	3355	0
n34-m289	3358	0
n34-m289	3359	0
n34-m289	3361	0
n34-m289	3362	0
n34-m289	3366	0
n34-m289	3368	0
n34-m289	3369	0
n34-m289	3373	0
n34-m289	3375	0
n34-m289	3376	0
n34-m289	3379	0
n34-m289	3380	0
n34-m289	3383	0
n34-m289	3384	0
n34-m289	3386	0
n34-m289	3387	0
n34-m289	3390	0
n34-m289	3391	0
n34-m289	3393	0
n34-m289	3395	0
n34-m289	3396	0
n34-m289	3397	0
n34-m289	3399	0
n34-m289	3400	0
n34-m289	3401	0
n34-m289	3402	0
n34-m289	3456	0
n34-m289	3458	0
n34-m289	3459	0
n34-m289	3462	0
n34-m289	3463	0
n34-m289	3465	0
n34-m289	3479	0
n34-m289	3480	0
n34-m289	3482	0
n34-m289	3483	0
n34-m289	3485	0
n34-m289	3486	0
n34-m289	3494	0
n34-m289	3495	0
n34-m289	3496	0
n34-m289	3500	0
n34-m289	3504	0
n34-m289	3505	0
n34-m289	3506	0
n34-m289	3509	0
n34-m289	3510	0
n34-m289	3512	0
n34-m289	3514	0
n34-m289	3515	0
n34-m289	3516	0
n34-m289	3517	0
n34-m289	3522	0
n34-m289	3523	0
n34-m289	3526	0
n34-m289	3538	0
n34-m289	3539	0
n34-m289	3545	0
n34-m289	3548	0
n34-m289	3551	0
n34-m289	3582	0
n34-m289	3583	0
n34-m289	3589	0
n34-m289	3590	0
n34-m289	3596	0
n34-m289	3599	0
n34-m289	3603	0
n34-m289	3605	0
n34-m289	3613	0
n34-m289	3614	0
n34-m289	3615	0
n34-m289	3616	0
n34-m289	3621	0
n34-m289	3622	0
n34-m289	3625	0
n34-m289	3628	0
n34-m289	3646	0
n34-m289	3648	0
n34-m289	3649	0
n34-m289	3659	0
n34-m289	3660	0
n34-m289	3666	0
n34-m289	3667	0
n34-m289	3673	0
n34-m289	3676	0
n34-m289	3680	0
n34-m289	3682	0
n34-m289	3729	0
n34-m289	3731	0
n34-m289	3732	0
n34-m289	3742	0
n34-m289	3743	0
n34-m289	3745	0
n34-m289	3755	0
n34-m289	3756	0
n34-m289	3762	0
n34-m289	3763	0
n34-m289	3766	0
n34-m289	3772	0
n34-m289	3775	0
n34-m289	3776	0
n34-m289	3778	0
n34-m289	3779	0
n34-m289	3780	0
n34-m289	3781	0
n34-m289	3877	0
n34-m289	3879	0
n34-m289	3880	0
n34-m289	3883	0
n34-m289	3884	0
n34-m289	3913	0
n34-m289	3914	0
n34-m289	3916	0
n34-m289	3922	0
n34-m289	3923	0
n34-m289	3940	0
n34-m289	3941	0
n34-m289	3944	0
n34-m289	3945	0
n34-m289	3954	0
n34-m289	3974	0
n34-m289	4003	0
n34-m289	4010	0
n34-m289	4015	0
n34-m289	4070	0
n34-m289	4073	0
n34-m289	4080	0
n34-m289	4085	0
n34-m289	4120	0
n34-m289	4145	0
n34-m289	4146	0
n34-m289	4152	0
n34-m289	4153	0
n34-m289	4166	0
n34-m289	4169	0
n34-m289	4177	0
n34-m289	4324	0
n34-m289	4360	0
n34-m289	4366	0
n34-m289	4412	0
n34-m289	4413	0
n34-m289	4420	0
n34-m289	4426	0
n34-m289	4427	0
n34-m289	4428	0
n34-m289	4430	0
n34-m289	4431	0
n34-m289	4432	0
n34-m289	4433	0
n34-m289	4449	0
n34-m289	4451	0
n34-m289	4452	0
n34-m289	4453	0
n34-m289	4458	0
n34-m289	4463	0
n34-m289	4475	0
n34-m289	4480	0
n34-m289	4496	0
n34-m289	4523	0
n34-m289	4552	0
n34-m289	4553	0
n34-m289	4559	0
n34-m289	4560	0
n34-m289	4567	0
n34-m289	4573	0
n34-m289	4574	0
n34-m289	4575	0
n34-m289	4577	0
n34-m289	4578	0
n34-m289	4579	0
n34-m289	4580	0
n34-m289	4596	0
n34-m289	4598	0
n34-m289	4599	0
n34-m289	4600	0
n34-m289	4605	0
n34-m289	4610	0
n34-m289	4616	0
n34-m289	4618	0
n34-m289	4623	0
n34-m289	4624	0
n34-m289	4626	0
n34-m289	4627	0
n34-m289	4628	0
n34-m289	4629	0
n34-m289	4631	0
n34-m289	4632	0
n34-m289	4633	0
n34-m289	4634	0
n34-m289	4635	0
n34-m289	4647	0
n34-m289	4648	0
n34-m289	4649	0
n34-m289	4654	0
n34-m289	4661	0
n34-m289	4666	0
n34-m289	4687	0
n34-m289	4698	0
n34-m289	4699	0
n34-m289	4703	0
n34-m289	4707	0
n34-m289	4709	0
n34-m289	4739	0
n34-m289	4740	0
n34-m289	4741	0
n34-m289	4755	0
n34-m289	4761	0
n34-m289	4779	0
n34-m289	4793	0
n34-m289	4794	0
n34-m289	4798	0
n34-m289	4842	0
n34-m289	4847	0
n34-m289	4873	0
n34-m289	4874	0
n34-m289	4880	0
n34-m289	4886	0
n34-m289	4888	0
n34-m289	4890	0
n34-m289	4891	0
n34-m289	4892	0
n34-m289	4893	0
n34-m289	4909	0
n34-m289	4911	0
n34-m289	4912	0
n34-m289	4913	0
n34-m289	4915	0
n34-m289	4916	0
n34-m289	4917	0
n34-m289	4918	0
n34-m289	4934	0
n34-m289	4936	0
n34-m289	4937	0
n34-m289	4939	0
n34-m289	4940	0
n34-m289	4941	0
n34-m289	4942	0
n34-m289	4943	0
n34-m289	4944	0
n34-m289	4946	0
n34-m289	4947	0
n34-m289	4948	0
n34-m289	4949	0
n34-m289	4950	0
n34-m289	4952	0
n34-m289	4953	0
n34-m289	4954	0
n34-m289	4955	0
n34-m289	4968	0
n34-m289	4969	0
n34-m289	4970	0
n34-m289	4971	0
n34-m289	4972	0
n34-m289	4985	0
n34-m289	4986	0
n34-m289	4987	0
n34-m289	4992	0
n34-m289	4994	0
n34-m289	4999	0
n34-m289	5001	0
n34-m289	5006	0
n34-m289	5007	0
n34-m289	5009	0
n34-m289	5010	0
n34-m289	5011	0
n34-m289	5012	0
n34-m289	5014	0
n34-m289	5015	0
n34-m289	5016	0
n34-m289	5017	0
n34-m289	5018	0
n34-m289	5030	0
n34-m289	5031	0
n34-m289	5032	0
n34-m289	5037	0
n34-m289	5039	0
n34-m289	5044	0
n34-m289	5045	0
n34-m289	5046	0
n34-m289	5048	0
n34-m289	5049	0
n34-m289	5050	0
n34-m289	5051	0
n34-m289	5053	0
n34-m289	5054	0
n34-m289	5055	0
n34-m289	5056	0
n34-m289	5057	0
n34-m289	5062	0
n34-m289	5074	0
n34-m289	5075	0
n34-m289	5076	0
n34-m289	5077	0
n34-m289	5078	0
n34-m289	5081	0
n34-m289	5082	0
n34-m289	5084	0
n34-m289	5085	0
n34-m289	5087	0
n34-m289	5088	0
n34-m289	5090	0
n34-m289	5091	0
n34-m289	5092	0
n34-m289	5094	0
n34-m289	5095	0
n34-m289	5096	0
n34-m289	5097	0
n34-m289	5098	0
n34-m289	5122	0
n34-m289	5123	0
n34-m289	5125	0
n34-m289	5126	0
n34-m289	5128	0
n34-m289	5129	0
n34-m289	5130	0
n34-m289	5142	0
n34-m289	5143	0
n34-m289	5144	0
n34-m289	5145	0
n34-m289	5150	0
n34-m289	5152	0
n34-m289	5157	0
n34-m289	5159	0
n34-m289	5160	0
n34-m289	5161	0
n34-m289	5162	0
n34-m289	5163	0
n34-m289	5165	0
n34-m289	5166	0
n34-m289	5167	0
n34-m289	5168	0
n34-m289	5171	0
n34-m289	5172	0
n34-m289	5174	0
n34-m289	5175	0
n34-m289	5177	0
n34-m289	5178	0
n34-m289	5179	0
n34-m289	5181	0
n34-m289	5182	0
n34-m289	5183	0
n34-m289	5184	0
n34-m289	5187	0
n34-m289	5188	0
n34-m289	5190	0
n34-m289	5191	0
n34-m289	5193	0
n34-m289	5194	0
n34-m289	5196	0
n34-m289	5197	0
n34-m289	5198	0
n34-m289	5199	0
n34-m289	5200	0
n34-m289	5216	0
n34-m289	5218	0
n34-m289	5219	0
n34-m289	5220	0
n34-m289	5221	0
n34-m289	5244	0
n34-m289	5245	0
n34-m289	5256	0
n34-m289	5262	0
n34-m289	5279	0
n34-m289	5280	0
n34-m289	5282	0
n34-m289	5283	0
n34-m289	5292	0
n34-m289	5293	0
n34-m289	5297	0
n34-m289	5301	0
n34-m289	5302	0
n34-m289	5303	0
n34-m289	5375	0
n34-m289	5401	0
n34-m289	5408	0
n34-m289	5432	1
n34-m289	5439	1
n34-m289	5469	0
n34-m289	5470	1
n34-m289	5494	1
n34-m289	5501	1
n34-m289	5507	1
n34-m289	5515	0
n34-m289	5517	1
n34-m289	5518	0
n34-m289	5519	0
n34-m289	5523	1
n34-m289	5565	1
n34-m289	5572	1
n34-m289	5573	1
n34-m289	5575	1
n34-m289	5576	0
n34-m289	5577	0
n34-m289	5578	1
n34-m289	5579	1
n34-m289	5580	1
n34-m289	5582	1
n34-m289	5583	0
n34-m289	5584	0
n34-m289	5585	1
n34-m289	5586	1
n34-m289	5588	1
n34-m289	5589	0
n34-m289	5590	0
n34-m289	5591	1
n34-m289	5604	1
n34-m289	5605	0
n34-m289	5606	0
n34-m289	5607	1
n34-m289	5608	1
n34-m289	5621	1
n34-m289	5622	0
n34-m289	5623	0
n34-m289	5628	1
n34-m289	5630	1
n34-m289	5631	1
n34-m289	5633	1
n34-m289	5634	0
n34-m289	5635	0
n34-m289	5636	1
n34-m289	5637	1
n34-m289	5644	1
n34-m289	5657	1
n34-m289	5658	0
n34-m289	5659	0
n34-m289	5664	1
n34-m289	5666	1
n34-m289	5667	1
n34-m289	5669	1
n34-m289	5670	0
n34-m289	5671	0
n34-m289	5672	1
n34-m289	5685	1
n34-m289	5686	0
n34-m289	5687	0
n34-m289	5688	1
n34-m289	5689	1
n34-m289	5690	1
n34-m289	5691	1
n34-m289	5692	0
n34-m289	5693	0
n34-m289	5694	1
n34-m289	5697	1
n34-m289	5698	1
n34-m289	5700	0
n34-m289	5701	0
n34-m289	5703	0
n34-m289	5704	0
n34-m289	5705	0
n34-m289	5707	1
n34-m289	5708	0
n34-m289	5709	0
n34-m289	5710	1
n34-m289	5711	1
n34-m289	5714	1
n34-m289	5715	1
n34-m289	5717	0
n34-m289	5718	0
n34-m289	5720	0
n34-m289	5721	0
n34-m289	5722	0
n34-m289	5724	1
n34-m289	5725	0
n34-m289	5726	0
n34-m289	5728	1
n34-m289	5729	0
n34-m289	5730	0
n34-m289	5731	1
n34-m289	5732	1
n34-m289	5759	1
n34-m289	5760	1
n34-m289	5762	0
n34-m289	5763	0
n34-m289	5765	0
n34-m289	5766	0
n34-m289	5767	0
n34-m289	5780	1
n34-m289	5781	0
n34-m289	5782	0
n34-m289	5783	1
n34-m289	5788	1
n34-m289	5790	0
n34-m289	5792	0
n34-m289	5793	0
n34-m289	5794	0
n34-m289	5795	0
n34-m289	5796	0
n34-m289	5801	0
n34-m289	5802	0
n34-m289	5803	0
n34-m289	5805	0
n34-m289	5806	0
n34-m289	5807	0
n34-m289	5808	0
n34-m289	5810	0
n34-m289	5811	0
n34-m289	5812	0
n34-m289	5813	0
n34-m289	5814	0
n34-m289	5819	0
n34-m289	5831	0
n34-m289	5832	0
n34-m289	5833	0
n34-m289	5834	0
n34-m289	5835	0
n34-m289	5838	0
n34-m289	5839	0
n34-m289	5841	0
n34-m289	5842	0
n34-m289	5844	0
n34-m289	5845	0
n34-m289	5847	0
n34-m289	5848	0
n34-m289	5849	0
n34-m289	5851	0
n34-m289	5852	0
n34-m289	5853	0
n34-m289	5854	0
n34-m289	5855	0
n34-m289	5879	0
n34-m289	5880	0
n34-m289	5882	0
n34-m289	5883	0
n34-m289	5885	0
n34-m289	5886	0
n34-m289	5887	0
n34-m289	5899	0
n34-m289	5900	0
n34-m289	5901	0
n34-m289	5902	0
n34-m289	5907	0
n34-m289	5909	0
n34-m289	5910	0
n34-m289	5912	0
n34-m289	5913	0
n34-m289	5914	0
n34-m289	5915	0
n34-m289	5917	0
n34-m289	5918	0
n34-m289	5919	0
n34-m289	5920	0
n34-m289	5921	0
n34-m289	5922	0
n34-m289	5924	0
n34-m289	5925	0
n34-m289	5926	0
n34-m289	5927	0
n34-m289	5932	0
n34-m289	5944	0
n34-m289	5945	0
n34-m289	5946	0
n34-m289	5947	0
n34-m289	5948	0
n34-m289	5951	0
n34-m289	5952	0
n34-m289	5954	0
n34-m289	5955	0
n34-m289	5957	0
n34-m289	5958	0
n34-m289	5960	0
n34-m289	5961	0
n34-m289	5962	0
n34-m289	5964	0
n34-m289	5965	0
n34-m289	5966	0
n34-m289	5967	0
n34-m289	5968	0
n34-m289	5969	0
n34-m289	5970	0
n34-m289	5971	0
n34-m289	5972	0
n34-m289	5973	0
n34-m289	5974	0
n34-m289	5977	0
n34-m289	5978	0
n34-m289	5980	0
n34-m289	5981	0
n34-m289	5983	0
n34-m289	5984	0
n34-m289	5986	0
n34-m289	5987	0
n34-m289	5988	0
n34-m289	5990	0
n34-m289	5991	0
n34-m289	5992	0
n34-m289	5993	0
n34-m289	5994	0
n34-m289	5998	0
n34-m289	6000	0
n34-m289	6001	0
n34-m289	6004	0
n34-m289	6005	0
n34-m289	6007	0
n34-m289	6008	0
n34-m289	6011	0
n34-m289	6012	0
n34-m289	6014	0
n34-m289	6015	0
n34-m289	6018	0
n34-m289	6019	0
n34-m289	6021	0
n34-m289	6022	0
n34-m289	6024	0
n34-m289	6025	0
n34-m289	6026	0
n34-m289	6029	0
n34-m289	6030	0
n34-m289	6032	0
n34-m289	6033	0
n34-m289	6035	0
n34-m289	6036	0
n34-m289	6038	0
n34-m289	6039	0
n34-m289	6040	0
n34-m289	6041	0
n34-m289	6043	0
n34-m289	6044	0
n34-m289	6045	0
n34-m289	6046	0
n34-m289	6047	0
n34-m289	6051	0
n34-m289	6053	0
n34-m289	6054	0
n34-m289	6057	0
n34-m289	6058	0
n34-m289	6060	0
n34-m289	6061	0
n34-m289	6064	0
n34-m289	6065	0
n34-m289	6067	0
n34-m289	6068	0
n34-m289	6070	0
n34-m289	6071	0
n34-m289	6074	0
n34-m289	6075	0
n34-m289	6077	0
n34-m289	6078	0
n34-m289	6080	0
n34-m289	6081	0
n34-m289	6082	0
n34-m289	6084	0
n34-m289	6085	0
n34-m289	6086	0
n34-m289	6088	0
n34-m289	6089	0
n34-m289	6090	0
n34-m289	6091	0
n34-m289	6092	0
n34-m289	6093	0
n34-m289	6095	0
n34-m289	6096	0
n34-m289	6097	0
n34-m289	6098	0
n34-m289	6100	0
n34-m289	6101	0
n34-m289	6102	0
n34-m289	6103	0
n34-m289	6106	0
n34-m289	6107	0
n34-m289	6109	0
n34-m289	6110	0
n34-m289	6112	0
n34-m289	6113	0
n34-m289	6114	0
n34-m289	6116	0
n34-m289	6117	0
n34-m289	6118	0
n34-m289	6119	0
n34-m289	6120	0
n34-m289	6121	0
n34-m289	6122	0
n34-m289	6123	0
n34-m289	6124	0
n34-m289	6127	0
n34-m289	6128	0
n34-m289	6130	0
n34-m289	6131	0
n34-m289	6133	0
n34-m289	6134	0
n34-m289	6135	0
n34-m289	6137	0
n34-m289	6138	0
n34-m289	6139	0
n34-m289	6140	0
n34-m289	6144	0
n34-m289	6146	0
n34-m289	6147	0
n34-m289	6150	0
n34-m289	6151	0
n34-m289	6153	0
n34-m289	6154	0
n34-m289	6157	0
n34-m289	6158	0
n34-m289	6160	0
n34-m289	6161	0
n34-m289	6163	0
n34-m289	6164	0
n34-m289	6167	0
n34-m289	6168	0
n34-m289	6170	0
n34-m289	6171	0
n34-m289	6173	0
n34-m289	6174	0
n34-m289	6175	0
n34-m289	6176	0
n34-m289	6178	0
n34-m289	6179	0
n34-m289	6180	0
n34-m289	6181	0
n34-m289	6185	0
n34-m289	6187	0
n34-m289	6188	0
n34-m289	6191	0
n34-m289	6192	0
n34-m289	6194	0
n34-m289	6195	0
n34-m289	6198	0
n34-m289	6199	0
n34-m289	6201	0
n34-m289	6202	0
n34-m289	6205	0
n34-m289	6206	0
n34-m289	6208	0
n34-m289	6209	0
n34-m289	6211	0
n34-m289	6212	0
n34-m289	6214	0
n34-m289	6215	0
n34-m289	6216	0
n34-m289	6218	0
n34-m289	6219	0
n34-m289	6220	0
n34-m289	6221	0
n34-m289	6222	0
n34-m289	6233	0
n34-m289	6237	0
n34-m289	6261	0
n34-m289	6262	0
n34-m289	6271	0
n34-m289	6272	0
n34-m289	6273	0
n34-m289	6274	0
n34-m289	6278	0
n34-m289	6322	0
n34-m289	6323	0
n34-m289	6325	0
n34-m289	6326	0
n34-m289	6349	0
n34-m289	6350	0
n34-m289	6354	0
n34-m289	6365	0
n34-m289	6370	0
n34-m289	6401	0
n34-m289	6403	0
n34-m289	6404	0
n34-m289	6407	0
n34-m289	6408	0
n34-m289	6410	0
n34-m289	6411	0
n34-m289	6428	0
n34-m289	6429	0
n34-m289	6431	0
n34-m289	6432	0
n34-m289	6441	0
n34-m289	6442	0
n34-m289	6443	0
n34-m289	6446	0
n34-m289	6452	0
n34-m289	6453	0
n34-m289	6455	0
n34-m289	6456	0
n34-m289	6457	0
n34-m289	6458	0
n34-m289	6460	0
n34-m289	6461	0
n34-m289	6462	0
n34-m289	6463	0
n34-m289	6464	0
n34-m289	6598	0
n34-m289	6599	0
n34-m289	6631	0
n34-m289	6649	0
n34-m289	6654	0
n34-m289	6668	0
n34-m289	6669	0
n34-m289	6692	0
n34-m289	6693	0
n34-m289	6717	0
n34-m289	6724	0
n34-m289	6730	0
n34-m289	6746	0
n34-m289	6763	0
n34-m289	6770	0
n34-m289	6776	0
n34-m289	6778	0
n34-m289	6783	0
n34-m289	6784	0
n34-m289	6786	0
n34-m289	6787	0
n34-m289	6788	0
n34-m289	6789	0
n34-m289	6791	0
n34-m289	6792	0
n34-m289	6793	0
n34-m289	6794	0
n34-m289	6795	0
n34-m289	6808	0
n34-m289	6809	0
n34-m289	6810	0
n34-m289	6815	0
n34-m289	6817	0
n34-m289	6818	0
n34-m289	6820	0
n34-m289	6821	0
n34-m289	6822	0
n34-m289	6823	0
n34-m289	6824	0
n34-m289	6825	0
n34-m289	6830	0
n34-m289	6831	0
n34-m289	6832	0
n34-m289	6834	0
n34-m289	6835	0
n34-m289	6836	0
n34-m289	6837	0
n34-m289	6839	0
n34-m289	6840	0
n34-m289	6841	0
n34-m289	6842	0
n34-m289	6843	0
n34-m289	6848	0
n34-m289	6861	0
n34-m289	6862	0
n34-m289	6863	0
n34-m289	6864	0
n34-m289	6865	0
n34-m289	6868	0
n34-m289	6869	0
n34-m289	6871	0
n34-m289	6872	0
n34-m289	6874	0
n34-m289	6875	0
n34-m289	6876	0
n34-m289	6878	0
n34-m289	6879	0
n34-m289	6880	0
n34-m289	6882	0
n34-m289	6883	0
n34-m289	6884	0
n34-m289	6885	0
n34-m289	6886	0
n34-m289	6913	0
n34-m289	6914	0
n34-m289	6916	0
n34-m289	6917	0
n34-m289	6919	0
n34-m289	6920	0
n34-m289	6921	0
n34-m289	6934	0
n34-m289	6935	0
n34-m289	6936	0
n34-m289	6937	0
n34-m289	6942	0
n34-m289	6944	0
n34-m289	6949	0
n34-m289	6950	0
n34-m289	6951	0
n34-m289	6952	0
n34-m289	6958	0
n34-m289	6960	0
n34-m289	6961	0
n34-m289	6962	0
n34-m289	6963	0
n34-m289	6964	0
n34-m289	6965	0
n34-m289	6967	0
n34-m289	6968	0
n34-m289	6969	0
n34-m289	6970	0
n34-m289	6971	0
n34-m289	6974	0
n34-m289	6975	0
n34-m289	6977	0
n34-m289	6978	0
n34-m289	6980	0
n34-m289	6981	0
n34-m289	6983	0
n34-m289	6984	0
n34-m289	6985	0
n34-m289	6987	0
n34-m289	6988	0
n34-m289	6989	0
n34-m289	6990	0
n34-m289	6991	0
n34-m289	6994	0
n34-m289	6995	0
n34-m289	6997	0
n34-m289	6998	0
n34-m289	7000	0
n34-m289	7001	0
n34-m289	7002	0
n34-m289	7004	0
n34-m289	7005	0
n34-m289	7006	0
n34-m289	7007	0
n34-m289	7008	0
n34-m289	7009	0
n34-m289	7015	0
n34-m289	7017	0
n34-m289	7018	0
n34-m289	7019	0
n34-m289	7020	0
n34-m289	7021	0
n34-m289	7022	0
n34-m289	7024	0
n34-m289	7025	0
n34-m289	7026	0
n34-m289	7027	0
n34-m289	7028	0
n34-m289	7030	0
n34-m289	7031	0
n34-m289	7032	0
n34-m289	7033	0
n34-m289	7034	0
n34-m289	7037	0
n34-m289	7038	0
n34-m289	7040	0
n34-m289	7041	0
n34-m289	7043	0
n34-m289	7044	0
n34-m289	7046	0
n34-m289	7047	0
n34-m289	7048	0
n34-m289	7050	0
n34-m289	7051	0
n34-m289	7052	0
n34-m289	7053	0
n34-m289	7054	0
n34-m289	7055	0
n34-m289	7056	0
n34-m289	7057	0
n34-m289	7058	0
n34-m289	7059	0
n34-m289	7060	0
n34-m289	7063	0
n34-m289	7064	0
n34-m289	7066	0
n34-m289	7067	0
n34-m289	7069	0
n34-m289	7070	0
n34-m289	7072	0
n34-m289	7073	0
n34-m289	7074	0
n34-m289	7076	0
n34-m289	7077	0
n34-m289	7078	0
n34-m289	7079	0
n34-m289	7080	0
n34-m289	7084	0
n34-m289	7086	0
n34-m289	7087	0
n34-m289	7090	0
n34-m289	7091	0
n34-m289	7093	0
n34-m289	7094	0
n34-m289	7097	0
n34-m289	7098	0
n34-m289	7100	0
n34-m289	7101	0
n34-m289	7104	0
n34-m289	7105	0
n34-m289	7107	0
n34-m289	7108	0
n34-m289	7110	0
n34-m289	7111	0
n34-m289	7112	0
n34-m289	7115	0
n34-m289	7116	0
n34-m289	7118	0
n34-m289	7119	0
n34-m289	7121	0
n34-m289	7122	0
n34-m289	7124	0
n34-m289	7125	0
n34-m289	7126	0
n34-m289	7127	0
n34-m289	7129	0
n34-m289	7130	0
n34-m289	7131	0
n34-m289	7132	0
n34-m289	7133	0
n34-m289	7137	0
n34-m289	7139	0
n34-m289	7140	0
n34-m289	7143	0
n34-m289	7144	0
n34-m289	7146	0
n34-m289	7147	0
n34-m289	7150	0
n34-m289	7151	0
n34-m289	7153	0
n34-m289	7154	0
n34-m289	7156	0
n34-m289	7157	0
n34-m289	7160	0
n34-m289	7161	0
n34-m289	7163	0
n34-m289	7164	0
n34-m289	7166	0
n34-m289	7167	0
n34-m289	7168	0
n34-m289	7170	0
n34-m289	7171	0
n34-m289	7172	0
n34-m289	7174	0
n34-m289	7175	0
n34-m289	7176	0
n34-m289	7177	0
n34-m289	7178	0
n34-m289	7183	0
n34-m289	7184	0
n34-m289	7186	0
n34-m289	7187	0
n34-m289	7188	0
n34-m289	7189	0
n34-m289	7192	0
n34-m289	7193	0
n34-m289	7195	0
n34-m289	7196	0
n34-m289	7198	0
n34-m289	7199	0
n34-m289	7200	0
n34-m289	7202	0
n34-m289	7203	0
n34-m289	7204	0
n34-m289	7205	0
n34-m289	7209	0
n34-m289	7219	0
n34-m289	7220	0
n34-m289	7221	0
n34-m289	7225	0
n34-m289	7243	0
n34-m289	7244	0
n34-m289	7246	0
n34-m289	7247	0
n34-m289	7249	0
n34-m289	7250	0
n34-m289	7259	0
n34-m289	7260	0
n34-m289	7261	0
n34-m289	7262	0
n34-m289	7266	0
n34-m289	7271	0
n34-m289	7273	0
n34-m289	7274	0
n34-m289	7277	0
n34-m289	7278	0
n34-m289	7280	0
n34-m289	7281	0
n34-m289	7284	0
n34-m289	7285	0
n34-m289	7287	0
n34-m289	7288	0
n34-m289	7291	0
n34-m289	7292	0
n34-m289	7294	0
n34-m289	7295	0
n34-m289	7297	0
n34-m289	7298	0
n34-m289	7300	0
n34-m289	7301	0
n34-m289	7302	0
n34-m289	7304	0
n34-m289	7305	0
n34-m289	7306	0
n34-m289	7307	0
n34-m289	7308	0
n34-m289	7312	0
n34-m289	7313	0
n34-m289	7316	0
n34-m289	7317	0
n34-m289	7319	0
n34-m289	7320	0
n34-m289	7322	0
n34-m289	7323	0
n34-m289	7325	0
n34-m289	7326	0
n34-m289	7327	0
n34-m289	7328	0
n34-m289	7329	0
n34-m289	7346	0
n34-m289	7347	0
n34-m289	7349	0
n34-m289	7350	0
n34-m289	7359	0
n34-m289	7360	0
n34-m289	7364	0
n34-m289	7366	0
n34-m289	7368	0
n34-m289	7369	0
n34-m289	7370	0
n34-m289	7400	0
n34-m289	7402	0
n34-m289	7403	0
n34-m289	7406	0
n34-m289	7407	0
n34-m289	7409	0
n34-m289	7410	0
n34-m289	7427	0
n34-m289	7428	0
n34-m289	7430	0
n34-m289	7431	0
n34-m289	7440	0
n34-m289	7441	0
n34-m289	7442	0
n34-m289	7445	0
n34-m289	7446	0
n34-m289	7448	0
n34-m289	7449	0
n34-m289	7451	0
n34-m289	7452	0
n34-m289	7454	0
n34-m289	7455	0
n34-m289	7456	0
n34-m289	7457	0
n34-m289	7459	0
n34-m289	7460	0
n34-m289	7461	0
n34-m289	7462	0
n34-m289	7463	0
n34-m289	7512	0
n34-m289	7513	0
n34-m289	7524	0
n34-m289	7529	0
n34-m289	7530	0
n34-m289	7547	0
n34-m289	7548	0
n34-m289	7553	0
n34-m289	7567	0
n34-m289	7568	0
n34-m289	7584	0
n34-m289	7585	0
n34-m289	7594	0
n34-m289	7595	0
n34-m289	7597	0
n34-m289	7598	0
n34-m289	7599	0
n34-m289	7600	0
n34-m289	7601	0
n34-m289	7603	0
n34-m289	7604	0
n34-m289	7605	0
n34-m289	7606	0
n34-m289	7610	0
n34-m289	7611	0
n34-m289	7612	0
n34-m289	7614	0
n34-m289	7615	0
n34-m289	7616	0
n34-m289	7617	0
n34-m289	7618	0
n34-m289	7619	0
n34-m289	7621	0
n34-m289	7622	0
n34-m289	7623	0
n34-m289	7624	0
n34-m289	7625	0
n34-m289	7628	0
n34-m289	7629	0
n34-m289	7631	0
n34-m289	7632	0
n34-m289	7634	0
n34-m289	7635	0
n34-m289	7637	0
n34-m289	7638	0
n34-m289	7639	0
n34-m289	7641	0
n34-m289	7642	0
n34-m289	7643	0
n34-m289	7644	0
n34-m289	7645	0
n34-m289	7648	0
n34-m289	7649	0
n34-m289	7651	0
n34-m289	7652	0
n34-m289	7654	0
n34-m289	7655	0
n34-m289	7656	0
n34-m289	7658	0
n34-m289	7659	0
n34-m289	7660	0
n34-m289	7661	0
n34-m289	7662	0
n34-m289	7663	0
n34-m289	7664	0
n34-m289	7666	0
n34-m289	7667	0
n34-m289	7668	0
n34-m289	7669	0
n34-m289	7670	0
n34-m289	7676	0
n34-m289	7677	0
n34-m289	7679	0
n34-m289	7680	0
n34-m289	7681	0
n34-m289	7682	0
n34-m289	7683	0
n34-m289	7686	0
n34-m289	7687	0
n34-m289	7689	0
n34-m289	7690	0
n34-m289	7692	0
n34-m289	7693	0
n34-m289	7695	0
n34-m289	7696	0
n34-m289	7697	0
n34-m289	7699	0
n34-m289	7700	0
n34-m289	7701	0
n34-m289	7702	0
n34-m289	7703	0
n34-m289	7708	0
n34-m289	7721	0
n34-m289	7722	0
n34-m289	7723	0
n34-m289	7728	0
n34-m289	7753	0
n34-m289	7754	0
n34-m289	7756	0
n34-m289	7757	0
n34-m289	7759	0
n34-m289	7760	0
n34-m289	7761	0
n34-m289	7773	0
n34-m289	7774	0
n34-m289	7775	0
n34-m289	7776	0
n34-m289	7781	0
n34-m289	7786	0
n34-m289	7788	0
n34-m289	7789	0
n34-m289	7792	0
n34-m289	7793	0
n34-m289	7795	0
n34-m289	7796	0
n34-m289	7799	0
n34-m289	7800	0
n34-m289	7802	0
n34-m289	7803	0
n34-m289	7805	0
n34-m289	7806	0
n34-m289	7809	0
n34-m289	7810	0
n34-m289	7812	0
n34-m289	7813	0
n34-m289	7815	0
n34-m289	7816	0
n34-m289	7817	0
n34-m289	7819	0
n34-m289	7820	0
n34-m289	7821	0
n34-m289	7823	0
n34-m289	7824	0
n34-m289	7825	0
n34-m289	7826	0
n34-m289	7827	0
n34-m289	7828	0
n34-m289	7829	0
n34-m289	7831	0
n34-m289	7832	0
n34-m289	7833	0
n34-m289	7834	0
n34-m289	7837	0
n34-m289	7838	0
n34-m289	7840	0
n34-m289	7841	0
n34-m289	7843	0
n34-m289	7844	0
n34-m289	7845	0
n34-m289	7847	0
n34-m289	7848	0
n34-m289	7849	0
n34-m289	7850	0
n34-m289	7851	0
n34-m289	7853	0
n34-m289	7854	0
n34-m289	7855	0
n34-m289	7856	0
n34-m289	7859	0
n34-m289	7860	0
n34-m289	7862	0
n34-m289	7863	0
n34-m289	7865	0
n34-m289	7866	0
n34-m289	7868	0
n34-m289	7869	0
n34-m289	7870	0
n34-m289	7871	0
n34-m289	7872	0
n34-m289	7876	0
n34-m289	7878	0
n34-m289	7879	0
n34-m289	7882	0
n34-m289	7883	0
n34-m289	7885	0
n34-m289	7886	0
n34-m289	7889	0
n34-m289	7890	0
n34-m289	7892	0
n34-m289	7893	0
n34-m289	7896	0
n34-m289	7897	0
n34-m289	7899	0
n34-m289	7900	0
n34-m289	7902	0
n34-m289	7903	0
n34-m289	7905	0
n34-m289	7906	0
n34-m289	7907	0
n34-m289	7909	0
n34-m289	7910	0
n34-m289	7911	0
n34-m289	7912	0
n34-m289	7913	0
n34-m289	7915	0
n34-m289	7916	0
n34-m289	7917	0
n34-m289	7918	0
n34-m289	7921	0
n34-m289	7922	0
n34-m289	7924	0
n34-m289	7925	0
n34-m289	7927	0
n34-m289	7928	0
n34-m289	7930	0
n34-m289	7931	0
n34-m289	7932	0
n34-m289	7933	0
n34-m289	7934	0
n34-m289	7951	0
n34-m289	7952	0
n34-m289	7954	0
n34-m289	7955	0
n34-m289	7964	0
n34-m289	7965	0
n34-m289	7969	0
n34-m289	7971	0
n34-m289	7972	0
n34-m289	7973	0
n34-m289	7974	0
n34-m289	7975	0
n34-m289	8005	0
n34-m289	8007	0
n34-m289	8008	0
n34-m289	8011	0
n34-m289	8012	0
n34-m289	8014	0
n34-m289	8015	0
n34-m289	8032	0
n34-m289	8033	0
n34-m289	8035	0
n34-m289	8036	0
n34-m289	8045	0
n34-m289	8046	0
n34-m289	8047	0
n34-m289	8050	0
n34-m289	8051	0
n34-m289	8053	0
n34-m289	8054	0
n34-m289	8056	0
n34-m289	8057	0
n34-m289	8059	0
n34-m289	8060	0
n34-m289	8061	0
n34-m289	8062	0
n34-m289	8064	0
n34-m289	8065	0
n34-m289	8066	0
n34-m289	8067	0
n34-m289	8068	0
n34-m289	8117	0
n34-m289	8118	0
n34-m289	8129	0
n34-m289	8132	0
n34-m289	8133	0
n34-m289	8134	0
n34-m289	8135	0
n34-m289	8137	0
n34-m289	8142	0
n34-m289	8150	0
n34-m289	8151	0
n34-m289	8156	0
n34-m289	8157	0
n34-m289	8159	0
n34-m289	8160	0
n34-m289	8162	0
n34-m289	8163	0
n34-m289	8164	0
n34-m289	8165	0
n34-m289	8166	0
n34-m289	8168	0
n34-m289	8169	0
n34-m289	8170	0
n34-m289	8171	0
n34-m289	8172	0
n34-m289	8174	0
n34-m289	8176	0
n34-m289	8177	0
n34-m289	8178	0
n34-m289	8179	0
n34-m289	8180	0
n34-m289	8186	0
n34-m289	8199	0
n34-m289	8200	0
n34-m289	8201	0
n34-m289	8206	0
n34-m289	8210	0
n34-m289	8211	0
n34-m289	8213	0
n34-m289	8214	0
n34-m289	8216	0
n34-m289	8217	0
n34-m289	8218	0
n34-m289	8220	0
n34-m289	8221	0
n34-m289	8222	0
n34-m289	8223	0
n34-m289	8224	0
n34-m289	8225	0
n34-m289	8226	0
n34-m289	8228	0
n34-m289	8229	0
n34-m289	8230	0
n34-m289	8231	0
n34-m289	8232	0
n34-m289	8234	0
n34-m289	8235	0
n34-m289	8236	0
n34-m289	8237	0
n34-m289	8240	0
n34-m289	8241	0
n34-m289	8243	0
n34-m289	8244	0
n34-m289	8246	0
n34-m289	8247	0
n34-m289	8249	0
n34-m289	8250	0
n34-m289	8251	0
n34-m289	8252	0
n34-m289	8253	0
n34-m289	8254	0
n34-m289	8255	0
n34-m289	8257	0
n34-m289	8258	0
n34-m289	8259	0
n34-m289	8260	0
n34-m289	8263	0
n34-m289	8264	0
n34-m289	8266	0
n34-m289	8267	0
n34-m289	8269	0
n34-m289	8270	0
n34-m289	8271	0
n34-m289	8273	0
n34-m289	8274	0
n34-m289	8275	0
n34-m289	8276	0
n34-m289	8277	0
n34-m289	8279	0
n34-m289	8280	0
n34-m289	8281	0
n34-m289	8282	0
n34-m289	8285	0
n34-m289	8286	0
n34-m289	8288	0
n34-m289	8289	0
n34-m289	8291	0
n34-m289	8292	0
n34-m289	8294	0
n34-m289	8295	0
n34-m289	8296	0
n34-m289	8297	0
n34-m289	8298	0
n34-m289	8302	0
n34-m289	8304	0
n34-m289	8305	0
n34-m289	8308	0
n34-m289	8309	0
n34-m289	8311	0
n34-m289	8312	0
n34-m289	8315	0
n34-m289	8316	0
n34-m289	8318	0
n34-m289	8319	0
n34-m289	8322	0
n34-m289	8323	0
n34-m289	8325	0
n34-m289	8326	0
n34-m289	8328	0
n34-m289	8329	0
n34-m289	8331	0
n34-m289	8332	0
n34-m289	8333	0
n34-m289	8335	0
n34-m289	8336	0
n34-m289	8337	0
n34-m289	8338	0
n34-m289	8339	0
n34-m289	8340	0
n34-m289	8341	0
n34-m289	8342	0
n34-m289	8343	0
n34-m289	8344	0
n34-m289	8347	0
n34-m289	8348	0
n34-m289	8350	0
n34-m289	8351	0
n34-m289	8353	0
n34-m289	8354	0
n34-m289	8356	0
n34-m289	8357	0
n34-m289	8358	0
n34-m289	8359	0
n34-m289	8360	0
n34-m289	8377	0
n34-m289	8378	0
n34-m289	8380	0
n34-m289	8381	0
n34-m289	8390	0
n34-m289	8391	0
n34-m289	8395	0
n34-m289	8397	0
n34-m289	8398	0
n34-m289	8399	0
n34-m289	8400	0
n34-m289	8401	0
n34-m289	8430	0
n34-m289	8432	0
n34-m289	8433	0
n34-m289	8436	0
n34-m289	8437	0
n34-m289	8439	0
n34-m289	8440	0
n34-m289	8457	0
n34-m289	8458	0
n34-m289	8460	0
n34-m289	8461	0
n34-m289	8464	0
n34-m289	8465	0
n34-m289	8470	0
n34-m289	8471	0
n34-m289	8472	0
n34-m289	8475	0
n34-m289	8476	0
n34-m289	8478	0
n34-m289	8479	0
n34-m289	8481	0
n34-m289	8482	0
n34-m289	8484	0
n34-m289	8485	0
n34-m289	8486	0
n34-m289	8487	0
n34-m289	8489	0
n34-m289	8490	0
n34-m289	8491	0
n34-m289	8492	0
n34-m289	8493	0
n34-m289	8542	0
n34-m289	8543	0
n34-m289	8554	0
n34-m289	8557	0
n34-m289	8558	0
n34-m289	8559	0
n34-m289	8560	0
n34-m289	8561	0
n34-m289	8562	0
n34-m289	8564	0
n34-m289	8565	0
n34-m289	8566	0
n34-m289	8567	0
n34-m289	8569	0
n34-m289	8570	0
n34-m289	8571	0
n34-m289	8572	0
n34-m289	8578	0
n34-m289	8581	0
n34-m289	8582	0
n34-m289	8583	0
n34-m289	8584	0
n34-m289	8585	0
n34-m289	8586	0
n34-m289	8588	0
n34-m289	8589	0
n34-m289	8590	0
n34-m289	8591	0
n34-m289	8592	0
n34-m289	8593	0
n34-m289	8595	0
n34-m289	8596	0
n34-m289	8597	0
n34-m289	8598	0
n34-m289	8601	0
n34-m289	8602	0
n34-m289	8604	0
n34-m289	8606	0
n34-m289	8607	0
n34-m289	8608	0
n34-m289	8610	0
n34-m289	8611	0
n34-m289	8612	0
n34-m289	8613	0
n34-m289	8614	0
n34-m289	8615	0
n34-m289	8616	0
n34-m289	8618	0
n34-m289	8619	0
n34-m289	8620	0
n34-m289	8621	0
n34-m289	8622	0
n34-m289	8624	0
n34-m289	8625	0
n34-m289	8626	0
n34-m289	8627	0
n34-m289	8630	0
n34-m289	8631	0
n34-m289	8633	0
n34-m289	8634	0
n34-m289	8636	0
n34-m289	8637	0
n34-m289	8639	0
n34-m289	8640	0
n34-m289	8641	0
n34-m289	8642	0
n34-m289	8643	0
n34-m289	8649	0
n34-m289	8659	0
n34-m289	8660	0
n34-m289	8661	0
n34-m289	8665	0
n34-m289	8667	0
n34-m289	8669	0
n34-m289	8670	0
n34-m289	8671	0
n34-m289	8672	0
n34-m289	8675	0
n34-m289	8676	0
n34-m289	8678	0
n34-m289	8679	0
n34-m289	8681	0
n34-m289	8682	0
n34-m289	8684	0
n34-m289	8685	0
n34-m289	8686	0
n34-m289	8687	0
n34-m289	8688	0
n34-m289	8692	0
n34-m289	8694	0
n34-m289	8695	0
n34-m289	8698	0
n34-m289	8699	0
n34-m289	8701	0
n34-m289	8704	0
n34-m289	8705	0
n34-m289	8707	0
n34-m289	8708	0
n34-m289	8711	0
n34-m289	8712	0
n34-m289	8714	0
n34-m289	8715	0
n34-m289	8717	0
n34-m289	8718	0
n34-m289	8720	0
n34-m289	8721	0
n34-m289	8722	0
n34-m289	8724	0
n34-m289	8725	0
n34-m289	8726	0
n34-m289	8727	0
n34-m289	8728	0
n34-m289	8732	0
n34-m289	8742	0
n34-m289	8743	0
n34-m289	8747	0
n34-m289	8765	0
n34-m289	8766	0
n34-m289	8768	0
n34-m289	8769	0
n34-m289	8778	0
n34-m289	8779	0
n34-m289	8783	0
n34-m289	8787	0
n34-m289	8816	0
n34-m289	8818	0
n34-m289	8819	0
n34-m289	8822	0
n34-m289	8823	0
n34-m289	8825	0
n34-m289	8826	0
n34-m289	8842	0
n34-m289	8843	0
n34-m289	8845	0
n34-m289	8846	0
n34-m289	8855	0
n34-m289	8856	0
n34-m289	8857	0
n34-m289	8866	0
n34-m289	8867	0
n34-m289	8871	0
n34-m289	8876	0
n34-m289	8926	0
n34-m289	8927	0
n34-m289	8938	0
n34-m289	8939	0
n34-m289	8941	0
n34-m289	8942	0
n34-m289	8943	0
n34-m289	8944	0
n34-m289	8945	0
n34-m289	8946	0
n34-m289	8948	0
n34-m289	8949	0
n34-m289	8950	0
n34-m289	8951	0
n34-m289	8952	0
n34-m289	8953	0
n34-m289	8955	0
n34-m289	8956	0
n34-m289	8957	0
n34-m289	8958	0
n34-m289	8961	0
n34-m289	8962	0
n34-m289	8964	0
n34-m289	8966	0
n34-m289	8967	0
n34-m289	8968	0
n34-m289	8970	0
n34-m289	8971	0
n34-m289	8972	0
n34-m289	8973	0
n34-m289	8974	0
n34-m289	8979	0
n34-m289	8980	0
n34-m289	8987	0
n34-m289	8988	0
n34-m289	8996	0
n34-m289	8998	0
n34-m289	8999	0
n34-m289	9002	0
n34-m289	9003	0
n34-m289	9006	0
n34-m289	9007	0
n34-m289	9013	0
n34-m289	9014	0
n34-m289	9021	0
n34-m289	9023	0
n34-m289	9024	0
n34-m289	9025	0
n34-m289	9028	0
n34-m289	9029	0
n34-m289	9041	0
n34-m289	9042	0
n34-m289	9045	0
n34-m289	9046	0
n34-m289	9048	0
n34-m289	9049	0
n34-m289	9051	0
n34-m289	9052	0
n34-m289	9058	0
n34-m289	9060	0
n34-m289	9061	0
n34-m289	9062	0
n34-m289	9065	0
n34-m289	9066	0
n34-m289	9069	0
n34-m289	9070	0
n34-m289	9073	0
n34-m289	9075	0
n34-m289	9076	0
n34-m289	9077	0
n34-m289	9078	0
n34-m289	9084	0
n34-m289	9094	0
n34-m289	9095	0
n34-m289	9096	0
n34-m289	9100	0
n34-m289	9102	0
n34-m289	9104	0
n34-m289	9105	0
n34-m289	9106	0
n34-m289	9107	0
n34-m289	9110	0
n34-m289	9111	0
n34-m289	9113	0
n34-m289	9114	0
n34-m289	9116	0
n34-m289	9117	0
n34-m289	9119	0
n34-m289	9120	0
n34-m289	9121	0
n34-m289	9122	0
n34-m289	9123	0
n34-m289	9127	0
n34-m289	9129	0
n34-m289	9130	0
n34-m289	9133	0
n34-m289	9134	0
n34-m289	9136	0
n34-m289	9139	0
n34-m289	9140	0
n34-m289	9142	0
n34-m289	9143	0
n34-m289	9146	0
n34-m289	9147	0
n34-m289	9149	0
n34-m289	9150	0
n34-m289	9152	0
n34-m289	9153	0
n34-m289	9155	0
n34-m289	9156	0
n34-m289	9157	0
n34-m289	9159	0
n34-m289	9160	0
n34-m289	9161	0
n34-m289	9162	0
n34-m289	9163	0
n34-m289	9164	0
n34-m289	9165	0
n34-m289	9167	0
n34-m289	9168	0
n34-m289	9169	0
n34-m289	9170	0
n34-m289	9173	0
n34-m289	9174	0
n34-m289	9176	0
n34-m289	9177	0
n34-m289	9179	0
n34-m289	9180	0
n34-m289	9182	0
n34-m289	9183	0
n34-m289	9184	0
n34-m289	9185	0
n34-m289	9186	0
n34-m289	9187	0
n34-m289	9188	0
n34-m289	9189	0
n34-m289	9190	0
n34-m289	9191	0
n34-m289	9194	0
n34-m289	9195	0
n34-m289	9197	0
n34-m289	9198	0
n34-m289	9200	0
n34-m289	9201	0
n34-m289	9203	0
n34-m289	9204	0
n34-m289	9205	0
n34-m289	9206	0
n34-m289	9207	0
n34-m289	9211	0
n34-m289	9213	0
n34-m289	9214	0
n34-m289	9217	0
n34-m289	9218	0
n34-m289	9220	0
n34-m289	9223	0
n34-m289	9224	0
n34-m289	9226	0
n34-m289	9227	0
n34-m289	9230	0
n34-m289	9231	0
n34-m289	9233	0
n34-m289	9234	0
n34-m289	9236	0
n34-m289	9237	0
n34-m289	9239	0
n34-m289	9240	0
n34-m289	9241	0
n34-m289	9243	0
n34-m289	9244	0
n34-m289	9245	0
n34-m289	9246	0
n34-m289	9247	0
n34-m289	9252	0
n34-m289	9255	0
n34-m289	9256	0
n34-m289	9258	0
n34-m289	9259	0
n34-m289	9263	0
n34-m289	9265	0
n34-m289	9266	0
n34-m289	9269	0
n34-m289	9270	0
n34-m289	9274	0
n34-m289	9276	0
n34-m289	9277	0
n34-m289	9280	0
n34-m289	9281	0
n34-m289	9283	0
n34-m289	9284	0
n34-m289	9288	0
n34-m289	9290	0
n34-m289	9291	0
n34-m289	9294	0
n34-m289	9295	0
n34-m289	9297	0
n34-m289	9300	0
n34-m289	9301	0
n34-m289	9303	0
n34-m289	9304	0
n34-m289	9307	0
n34-m289	9308	0
n34-m289	9310	0
n34-m289	9311	0
n34-m289	9313	0
n34-m289	9314	0
n34-m289	9315	0
n34-m289	9318	0
n34-m289	9319	0
n34-m289	9321	0
n34-m289	9322	0
n34-m289	9324	0
n34-m289	9325	0
n34-m289	9327	0
n34-m289	9328	0
n34-m289	9329	0
n34-m289	9330	0
n34-m289	9332	0
n34-m289	9333	0
n34-m289	9334	0
n34-m289	9335	0
n34-m289	9336	0
n34-m289	9337	0
n34-m289	9338	0
n34-m289	9339	0
n34-m289	9340	0
n34-m289	9343	0
n34-m289	9344	0
n34-m289	9346	0
n34-m289	9347	0
n34-m289	9349	0
n34-m289	9350	0
n34-m289	9351	0
n34-m289	9352	0
n34-m289	9356	0
n34-m289	9358	0
n34-m289	9359	0
n34-m289	9362	0
n34-m289	9363	0
n34-m289	9365	0
n34-m289	9366	0
n34-m289	9369	0
n34-m289	9370	0
n34-m289	9372	0
n34-m289	9373	0
n34-m289	9375	0
n34-m289	9376	0
n34-m289	9377	0
n34-m289	9379	0
n34-m289	9380	0
n34-m289	9381	0
n34-m289	9382	0
n34-m289	9411	0
n34-m289	9413	0
n34-m289	9414	0
n34-m289	9417	0
n34-m289	9418	0
n34-m289	9420	0
n34-m289	9421	0
n34-m289	9424	0
n34-m289	9425	0
n34-m289	9427	0
n34-m289	9428	0
n34-m289	9430	0
n34-m289	9431	0
n34-m289	9434	0
n34-m289	9435	0
n34-m289	9437	0
n34-m289	9438	0
n34-m289	9440	0
n34-m289	9441	0
n34-m289	9442	0
n34-m289	9443	0
n34-m289	9445	0
n34-m289	9446	0
n34-m289	9447	0
n34-m289	9448	0
n34-m289	9490	0
n34-m289	9491	0
n34-m289	9493	0
n34-m289	9494	0
n34-m289	9511	0
n34-m289	9512	0
n34-m289	9514	0
n34-m289	9515	0
n34-m289	9517	0
n34-m289	9518	0
n34-m289	9520	0
n34-m289	9521	0
n34-m289	9522	0
n34-m289	9525	0
n34-m289	9526	0
n34-m289	9528	0
n34-m289	9529	0
n34-m289	9531	0
n34-m289	9532	0
n34-m289	9533	0
n34-m289	9534	0
n34-m289	9536	0
n34-m289	9537	0
n34-m289	9538	0
n34-m289	9539	0
n34-m289	9540	0
n34-m289	9541	0
n34-m289	9543	0
n34-m289	9544	0
n34-m289	9545	0
n34-m289	9546	0
n34-m289	9552	0
n34-m289	9562	0
n34-m289	9563	0
n34-m289	9567	0
n34-m289	9569	0
n34-m289	9571	0
n34-m289	9572	0
n34-m289	9573	0
n34-m289	9576	0
n34-m289	9577	0
n34-m289	9579	0
n34-m289	9580	0
n34-m289	9581	0
n34-m289	9583	0
n34-m289	9584	0
n34-m289	9585	0
n34-m289	9586	0
n34-m289	9590	0
n34-m289	9592	0
n34-m289	9593	0
n34-m289	9596	0
n34-m289	9597	0
n34-m289	9599	0
n34-m289	9601	0
n34-m289	9602	0
n34-m289	9605	0
n34-m289	9606	0
n34-m289	9608	0
n34-m289	9609	0
n34-m289	9610	0
n34-m289	9612	0
n34-m289	9613	0
n34-m289	9615	0
n34-m289	9616	0
n34-m289	9617	0
n34-m289	9618	0
n34-m289	9619	0
n34-m289	9621	0
n34-m289	9622	0
n34-m289	9623	0
n34-m289	9624	0
n34-m289	9625	0
n34-m289	9627	0
n34-m289	9628	0
n34-m289	9629	0
n34-m289	9630	0
n34-m289	9631	0
n34-m289	9633	0
n34-m289	9634	0
n34-m289	9635	0
n34-m289	9636	0
n34-m289	9639	0
n34-m289	9640	0
n34-m289	9642	0
n34-m289	9644	0
n34-m289	9645	0
n34-m289	9647	0
n34-m289	9648	0
n34-m289	9649	0
n34-m289	9650	0
n34-m289	9651	0
n34-m289	9655	0
n34-m289	9657	0
n34-m289	9658	0
n34-m289	9661	0
n34-m289	9662	0
n34-m289	9665	0
n34-m289	9666	0
n34-m289	9668	0
n34-m289	9669	0
n34-m289	9672	0
n34-m289	9673	0
n34-m289	9675	0
n34-m289	9677	0
n34-m289	9678	0
n34-m289	9680	0
n34-m289	9681	0
n34-m289	9682	0
n34-m289	9684	0
n34-m289	9685	0
n34-m289	9686	0
n34-m289	9687	0
n34-m289	9688	0
n34-m289	9689	0
n34-m289	9690	0
n34-m289	9692	0
n34-m289	9693	0
n34-m289	9694	0
n34-m289	9695	0
n34-m289	9698	0
n34-m289	9699	0
n34-m289	9701	0
n34-m289	9703	0
n34-m289	9704	0
n34-m289	9706	0
n34-m289	9707	0
n34-m289	9708	0
n34-m289	9709	0
n34-m289	9710	0
n34-m289	9711	0
n34-m289	9712	0
n34-m289	9713	0
n34-m289	9714	0
n34-m289	9715	0
n34-m289	9718	0
n34-m289	9719	0
n34-m289	9721	0
n34-m289	9723	0
n34-m289	9724	0
n34-m289	9726	0
n34-m289	9727	0
n34-m289	9728	0
n34-m289	9729	0
n34-m289	9730	0
n34-m289	9734	0
n34-m289	9736	0
n34-m289	9737	0
n34-m289	9740	0
n34-m289	9741	0
n34-m289	9744	0
n34-m289	9745	0
n34-m289	9747	0
n34-m289	9748	0
n34-m289	9751	0
n34-m289	9752	0
n34-m289	9754	0
n34-m289	9756	0
n34-m289	9757	0
n34-m289	9759	0
n34-m289	9760	0
n34-m289	9761	0
n34-m289	9763	0
n34-m289	9764	0
n34-m289	9765	0
n34-m289	9766	0
n34-m289	9767	0
n34-m289	9803	0
n34-m289	9805	0
n34-m289	9806	0
n34-m289	9809	0
n34-m289	9810	0
n34-m289	9813	0
n34-m289	9814	0
n34-m289	9816	0
n34-m289	9817	0
n34-m289	9820	0
n34-m289	9821	0
n34-m289	9823	0
n34-m289	9825	0
n34-m289	9826	0
n34-m289	9827	0
n34-m289	9830	0
n34-m289	9831	0
n34-m289	9833	0
n34-m289	9835	0
n34-m289	9836	0
n34-m289	9838	0
n34-m289	9839	0
n34-m289	9840	0
n34-m289	9841	0
n34-m289	9843	0
n34-m289	9844	0
n34-m289	9845	0
n34-m289	9846	0
n34-m289	9847	0
n34-m289	9848	0
n34-m289	9849	0
n34-m289	9850	0
n34-m289	9851	0
n34-m289	9854	0
n34-m289	9855	0
n34-m289	9857	0
n34-m289	9858	0
n34-m289	9860	0
n34-m289	9861	0
n34-m289	9862	0
n34-m289	9863	0
n34-m289	9879	0
n34-m289	9880	0
n34-m289	9882	0
n34-m289	9883	0
n34-m289	9885	0
n34-m289	9886	0
n34-m289	9887	0
n34-m289	9889	0
n34-m289	9890	0
n34-m289	9891	0
n34-m289	9892	0
n34-m289	9896	0
n34-m289	9898	0
n34-m289	9899	0
n34-m289	9902	0
n34-m289	9903	0
n34-m289	9905	0
n34-m289	9908	0
n34-m289	9909	0
n34-m289	9911	0
n34-m289	9912	0
n34-m289	9914	0
n34-m289	9915	0
n34-m289	9918	0
n34-m289	9919	0
n34-m289	9921	0
n34-m289	9922	0
n34-m289	9924	0
n34-m289	9925	0
n34-m289	9926	0
n34-m289	9927	0
n34-m289	9929	0
n34-m289	9930	0
n34-m289	9931	0
n34-m289	9932	0
n34-m289	9971	0
n34-m289	9972	0
n34-m289	9974	0
n34-m289	9975	0
n34-m289	9991	0
n34-m289	9992	0
n34-m289	9994	0
n34-m289	9995	0
n34-m289	9997	0
n34-m289	9998	0
n34-m289	10000	0
n34-m289	10001	0
n34-m289	10002	0
n34-m289	10005	0
n34-m289	10006	0
n34-m289	10008	0
n34-m289	10009	0
n34-m289	10011	0
n34-m289	10012	0
n34-m289	10013	0
n34-m289	10014	0
n34-m289	10016	0
n34-m289	10017	0
n34-m289	10018	0
n34-m289	10019	0
n34-m289	10024	0
n34-m289	10025	0
n34-m289	10032	0
n34-m289	10034	0
n34-m289	10035	0
n34-m289	10036	0
n34-m289	10039	0
n34-m289	10040	0
n34-m289	10042	0
n34-m289	10043	0
n34-m289	10045	0
n34-m289	10046	0
n34-m289	10047	0
n34-m289	10048	0
n34-m289	10051	0
n34-m289	10052	0
n34-m289	10054	0
n34-m289	10056	0
n34-m289	10057	0
n34-m289	10059	0
n34-m289	10060	0
n34-m289	10061	0
n34-m289	10062	0
n34-m289	10063	0
n34-m289	10064	0
n34-m289	10065	0
n34-m289	10066	0
n34-m289	10067	0
n34-m289	10068	0
n34-m289	10071	0
n34-m289	10072	0
n34-m289	10074	0
n34-m289	10076	0
n34-m289	10077	0
n34-m289	10079	0
n34-m289	10080	0
n34-m289	10081	0
n34-m289	10082	0
n34-m289	10083	0
n34-m289	10087	0
n34-m289	10089	0
n34-m289	10090	0
n34-m289	10093	0
n34-m289	10094	0
n34-m289	10097	0
n34-m289	10098	0
n34-m289	10100	0
n34-m289	10101	0
n34-m289	10104	0
n34-m289	10105	0
n34-m289	10107	0
n34-m289	10109	0
n34-m289	10110	0
n34-m289	10112	0
n34-m289	10113	0
n34-m289	10114	0
n34-m289	10116	0
n34-m289	10117	0
n34-m289	10118	0
n34-m289	10119	0
n34-m289	10120	0
n34-m289	10156	0
n34-m289	10158	0
n34-m289	10159	0
n34-m289	10162	0
n34-m289	10163	0
n34-m289	10166	0
n34-m289	10167	0
n34-m289	10169	0
n34-m289	10170	0
n34-m289	10173	0
n34-m289	10174	0
n34-m289	10176	0
n34-m289	10178	0
n34-m289	10179	0
n34-m289	10180	0
n34-m289	10183	0
n34-m289	10184	0
n34-m289	10186	0
n34-m289	10188	0
n34-m289	10189	0
n34-m289	10191	0
n34-m289	10192	0
n34-m289	10193	0
n34-m289	10194	0
n34-m289	10196	0
n34-m289	10197	0
n34-m289	10198	0
n34-m289	10199	0
n34-m289	10200	0
n34-m289	10204	0
n34-m289	10205	0
n34-m289	10209	0
n34-m289	10210	0
n34-m289	10217	0
n34-m289	10219	0
n34-m289	10220	0
n34-m289	10223	0
n34-m289	10224	0
n34-m289	10236	0
n34-m289	10237	0
n34-m289	10240	0
n34-m289	10241	0
n34-m289	10243	0
n34-m289	10244	0
n34-m289	10250	0
n34-m289	10252	0
n34-m289	10253	0
n34-m289	10256	0
n34-m289	10257	0
n34-m289	10260	0
n34-m289	10261	0
n34-m289	10268	0
n34-m289	10269	0
n34-m289	10270	0
n34-m289	10271	0
n34-m289	10272	0
n34-m289	10275	0
n34-m289	10276	0
n34-m289	10288	0
n34-m289	10289	0
n34-m289	10292	0
n34-m289	10293	0
n34-m289	10295	0
n34-m289	10296	0
n34-m289	10302	0
n34-m289	10304	0
n34-m289	10305	0
n34-m289	10308	0
n34-m289	10309	0
n34-m289	10312	0
n34-m289	10313	0
n34-m289	10357	0
n34-m289	10358	0
n34-m289	10361	0
n34-m289	10362	0
n34-m289	10364	0
n34-m289	10365	0
n34-m289	10371	0
n34-m289	10373	0
n34-m289	10374	0
n34-m289	10375	0
n34-m289	10381	0
n34-m289	10383	0
n34-m289	10384	0
n34-m289	10387	0
n34-m289	10388	0
n34-m289	10392	0
n34-m289	10393	0
n34-m289	10411	0
n34-m289	10413	0
n34-m289	10414	0
n34-m289	10418	0
n34-m289	10420	0
n34-m289	10421	0
n34-m289	10424	0
n34-m289	10425	0
n34-m289	10427	0
n34-m289	10437	0
n34-m289	10438	0
n34-m289	10441	0
n34-m289	10442	0
n34-m289	10444	0
n34-m289	10445	0
n34-m289	10447	0
n34-m289	10448	0
n34-m289	10458	0
n34-m289	10459	0
n34-m289	10462	0
n34-m289	10463	0
n34-m289	10465	0
n34-m289	10466	0
n34-m289	10472	0
n34-m289	10474	0
n34-m289	10475	0
n34-m289	10476	0
n34-m289	10479	0
n34-m289	10480	0
n34-m289	10486	0
n34-m289	10488	0
n34-m289	10489	0
n34-m289	10492	0
n34-m289	10493	0
n34-m289	10497	0
n34-m289	10498	0
n34-m289	10501	0
n34-m289	10502	0
n34-m289	10503	0
n34-m289	10504	0
n34-m289	10505	0
n34-m289	10506	0
n34-m289	10507	0
n34-m289	10508	0
n34-m289	10509	0
n34-m289	10510	0
n34-m289	10511	0
n34-m289	10512	0
n34-m289	10516	0
n34-m289	10518	0
n34-m289	10519	0
n34-m289	10522	0
n34-m289	10523	0
n34-m289	10525	0
n34-m289	10528	0
n34-m289	10529	0
n34-m289	10531	0
n34-m289	10532	0
n34-m289	10534	0
n34-m289	10535	0
n34-m289	10536	0
n34-m289	10538	0
n34-m289	10539	0
n34-m289	10540	0
n34-m289	10541	0
n34-m289	10545	0
n34-m289	10547	0
n34-m289	10548	0
n34-m289	10551	0
n34-m289	10552	0
n34-m289	10554	0
n34-m289	10557	0
n34-m289	10558	0
n34-m289	10560	0
n34-m289	10561	0
n34-m289	10563	0
n34-m289	10564	0
n34-m289	10567	0
n34-m289	10568	0
n34-m289	10570	0
n34-m289	10571	0
n34-m289	10573	0
n34-m289	10574	0
n34-m289	10575	0
n34-m289	10576	0
n34-m289	10578	0
n34-m289	10579	0
n34-m289	10580	0
n34-m289	10581	0
n34-m289	10586	0
n34-m289	10589	0
n34-m289	10590	0
n34-m289	10592	0
n34-m289	10593	0
n34-m289	10597	0
n34-m289	10599	0
n34-m289	10600	0
n34-m289	10603	0
n34-m289	10604	0
n34-m289	10608	0
n34-m289	10610	0
n34-m289	10611	0
n34-m289	10614	0
n34-m289	10615	0
n34-m289	10617	0
n34-m289	10620	0
n34-m289	10621	0
n34-m289	10623	0
n34-m289	10624	0
n34-m289	10628	0
n34-m289	10630	0
n34-m289	10631	0
n34-m289	10634	0
n34-m289	10635	0
n34-m289	10637	0
n34-m289	10640	0
n34-m289	10641	0
n34-m289	10643	0
n34-m289	10644	0
n34-m289	10646	0
n34-m289	10647	0
n34-m289	10649	0
n34-m289	10650	0
n34-m289	10651	0
n34-m289	10654	0
n34-m289	10655	0
n34-m289	10657	0
n34-m289	10658	0
n34-m289	10660	0
n34-m289	10661	0
n34-m289	10662	0
n34-m289	10663	0
n34-m289	10665	0
n34-m289	10666	0
n34-m289	10667	0
n34-m289	10668	0
n34-m289	10733	0
n34-m289	10735	0
n34-m289	10736	0
n34-m289	10739	0
n34-m289	10740	0
n34-m289	10742	0
n34-m289	10743	0
n34-m289	10770	0
n34-m289	10772	0
n34-m289	10773	0
n34-m289	10776	0
n34-m289	10777	0
n34-m289	10779	0
n34-m289	10782	0
n34-m289	10783	0
n34-m289	10785	0
n34-m289	10786	0
n34-m289	10789	0
n34-m289	10790	0
n34-m289	10792	0
n34-m289	10793	0
n34-m289	10795	0
n34-m289	10796	0
n34-m289	10797	0
n34-m289	10813	0
n34-m289	10814	0
n34-m289	10816	0
n34-m289	10817	0
n34-m289	10819	0
n34-m289	10820	0
n34-m289	10822	0
n34-m289	10823	0
n34-m289	10824	0
n34-m289	10825	0
n34-m289	10834	0
n34-m289	10835	0
n34-m289	10836	0
n34-m289	10837	0
n34-m289	10841	0
n34-m289	10845	0
n34-m289	10846	0
n34-m289	10849	0
n34-m289	10850	0
n34-m289	10854	0
n34-m289	10855	0
n34-m289	10857	0
n34-m289	10858	0
n34-m289	10860	0
n34-m289	10861	0
n34-m289	10879	0
n34-m289	10880	0
n34-m289	10882	0
n34-m289	10883	0
n34-m289	10885	0
n34-m289	10886	0
n34-m289	10888	0
n34-m289	10889	0
n34-m289	10893	0
n34-m289	10894	0
n34-m289	10895	0
n34-m289	10896	0
n34-m289	10897	0
n34-m289	10898	0
n34-m289	10900	0
n34-m289	10901	0
n34-m289	10907	0
n34-m289	10909	0
n34-m289	10910	0
n34-m289	10913	0
n34-m289	10914	0
n34-m289	10916	0
n34-m289	10919	0
n34-m289	10920	0
n34-m289	10922	0
n34-m289	10923	0
n34-m289	10925	0
n34-m289	10926	0
n34-m289	10928	0
n34-m289	10929	0
n34-m289	10935	0
n34-m289	10937	0
n34-m289	10938	0
n34-m289	10941	0
n34-m289	10942	0
n34-m289	10944	0
n34-m289	10947	0
n34-m289	10948	0
n34-m289	10950	0
n34-m289	10951	0
n34-m289	10952	0
n34-m289	10955	0
n34-m289	10956	0
n34-m289	10958	0
n34-m289	10959	0
n34-m289	10961	0
n34-m289	10962	0
n34-m289	10965	0
n34-m289	10966	0
n34-m289	10973	0
n34-m289	10976	0
n34-m289	10977	0
n34-m289	10979	0
n34-m289	10980	0
n34-m289	10984	0
n34-m289	10986	0
n34-m289	10987	0
n34-m289	10990	0
n34-m289	10991	0
n34-m289	10995	0
n34-m289	10997	0
n34-m289	10998	0
n34-m289	11001	0
n34-m289	11002	0
n34-m289	11004	0
n34-m289	11006	0
n34-m289	11007	0
n34-m289	11011	0
n34-m289	11013	0
n34-m289	11014	0
n34-m289	11017	0
n34-m289	11018	0
n34-m289	11020	0
n34-m289	11023	0
n34-m289	11024	0
n34-m289	11026	0
n34-m289	11027	0
n34-m289	11028	0
n34-m289	11030	0
n34-m289	11031	0
n34-m289	11034	0
n34-m289	11035	0
n34-m289	11037	0
n34-m289	11038	0
n34-m289	11040	0
n34-m289	11041	0
n34-m289	11044	0
n34-m289	11045	0
n34-m289	11054	0
n34-m289	11055	0
n34-m289	11056	0
n34-m289	11057	0
n34-m289	11058	0
n34-m289	11072	0
n34-m289	11073	0
n34-m289	11075	0
n34-m289	11077	0
n34-m289	11078	0
n34-m289	11079	0
n34-m289	11081	0
n34-m289	11082	0
n34-m289	11083	0
n34-m289	11084	0
n34-m289	11088	0
n34-m289	11090	0
n34-m289	11091	0
n34-m289	11094	0
n34-m289	11095	0
n34-m289	11098	0
n34-m289	11099	0
n34-m289	11101	0
n34-m289	11103	0
n34-m289	11104	0
n34-m289	11107	0
n34-m289	11108	0
n34-m289	11110	0
n34-m289	11112	0
n34-m289	11113	0
n34-m289	11114	0
n34-m289	11115	0
n34-m289	11117	0
n34-m289	11118	0
n34-m289	11119	0
n34-m289	11120	0
n34-m289	11143	0
n34-m289	11145	0
n34-m289	11146	0
n34-m289	11149	0
n34-m289	11150	0
n34-m289	11153	0
n34-m289	11154	0
n34-m289	11156	0
n34-m289	11157	0
n34-m289	11171	0
n34-m289	11172	0
n34-m289	11174	0
n34-m289	11176	0
n34-m289	11177	0
n34-m289	11179	0
n34-m289	11180	0
n34-m289	11181	0
n34-m289	11189	0
n34-m289	11190	0
n34-m289	11191	0
n34-m289	11192	0
n34-m289	11196	0
n34-m289	11215	0
n34-m289	11216	0
n34-m289	11220	0
n34-m289	11222	0
n34-m289	11223	0
n34-m289	11226	0
n34-m289	11227	0
n34-m289	11229	0
n34-m289	11233	0
n34-m289	11235	0
n34-m289	11236	0
n34-m289	11239	0
n34-m289	11240	0
n34-m289	11243	0
n34-m289	11244	0
n34-m289	11246	0
n34-m289	11247	0
n34-m289	11250	0
n34-m289	11251	0
n34-m289	11253	0
n34-m289	11255	0
n34-m289	11256	0
n34-m289	11257	0
n34-m289	11260	0
n34-m289	11261	0
n34-m289	11263	0
n34-m289	11265	0
n34-m289	11266	0
n34-m289	11268	0
n34-m289	11269	0
n34-m289	11270	0
n34-m289	11271	0
n34-m289	11273	0
n34-m289	11274	0
n34-m289	11275	0
n34-m289	11276	0
n34-m289	11277	0
n34-m289	11282	0
n34-m289	11283	0
n34-m289	11286	0
n34-m289	11290	0
n34-m289	11302	0
n34-m289	11303	0
n34-m289	11309	0
n34-m289	11312	0
n34-m289	11318	0
n34-m289	11321	0
n34-m289	11326	0
n34-m289	11344	0
n34-m289	11346	0
n34-m289	11347	0
n34-m289	11357	0
n34-m289	11358	0
n34-m289	11364	0
n34-m289	11365	0
n34-m289	11375	0
n34-m289	11376	0
n34-m289	11382	0
n34-m289	11385	0
n34-m289	11388	0
n34-m289	11395	0
n34-m289	11398	0
n34-m289	11399	0
n34-m289	11400	0
n34-m289	11403	0
n34-m289	11404	0
n34-m289	11421	0
n34-m289	11423	0
n34-m289	11424	0
n34-m289	11434	0
n34-m289	11435	0
n34-m289	11437	0
n34-m289	11447	0
n34-m289	11448	0
n34-m289	11454	0
n34-m289	11455	0
n34-m289	11461	0
n34-m289	11464	0
n34-m289	11471	0
n34-m289	11474	0
n34-m289	11477	0
n34-m289	11479	0
n34-m289	11482	0
n34-m289	11509	0
n34-m289	11512	0
n34-m289	11513	0
n34-m289	11515	0
n34-m289	11516	0
n34-m289	11532	0
n34-m289	11534	0
n34-m289	11535	0
n34-m289	11538	0
n34-m289	11539	0
n34-m289	11555	0
n34-m289	11557	0
n34-m289	11558	0
n34-m289	11568	0
n34-m289	11569	0
n34-m289	11571	0
n34-m289	11581	0
n34-m289	11582	0
n34-m289	11585	0
n34-m289	11586	0
n34-m289	11588	0
n34-m289	11589	0
n34-m289	11591	0
n34-m289	11592	0
n34-m289	11602	0
n34-m289	11603	0
n34-m289	11609	0
n34-m289	11610	0
n34-m289	11616	0
n34-m289	11618	0
n34-m289	11619	0
n34-m289	11620	0
n34-m289	11623	0
n34-m289	11624	0
n34-m289	11630	0
n34-m289	11633	0
n34-m289	11636	0
n34-m289	11637	0
n34-m289	11641	0
n34-m289	11679	0
n34-m289	11681	0
n34-m289	11682	0
n34-m289	11704	0
n34-m289	11705	0
n34-m289	11718	0
n34-m289	11721	0
n34-m289	11734	0
n34-m289	11741	0
n34-m289	11744	0
n34-m289	11745	0
n34-m289	11752	0
n34-m289	11756	0
n34-m289	11774	0
n34-m289	11776	0
n34-m289	11781	0
n34-m289	11783	0
n34-m289	11784	0
n34-m289	11788	0
n34-m289	11792	0
n34-m289	11797	0
n34-m289	11809	0
n34-m289	11811	0
n34-m289	11812	0
n34-m289	11814	0
n34-m289	11815	0
n34-m289	11817	0
n34-m289	11818	0
n34-m289	11819	0
n34-m289	11820	0
n34-m289	11821	0
n34-m289	11823	0
n34-m289	11828	0
n34-m289	11831	0
n34-m289	11832	0
n34-m289	11834	0
n34-m289	11835	0
n34-m289	11836	0
n34-m289	11837	0
n34-m289	11838	0
n34-m289	11840	0
n34-m289	11841	0
n34-m289	11842	0
n34-m289	11843	0
n34-m289	11844	0
n34-m289	11846	0
n34-m289	11847	0
n34-m289	11848	0
n34-m289	11849	0
n34-m289	11851	0
n34-m289	11852	0
n34-m289	11853	0
n34-m289	11854	0
n34-m289	11863	0
n34-m289	11864	0
n34-m289	11868	0
n34-m289	11869	0
n34-m289	11871	1
n34-m289	11872	0
n34-m289	11873	0
n34-m289	11875	0
n34-m289	11876	0
n34-m289	11877	0
n34-m289	11878	0
n34-m289	11879	0
n34-m289	11883	0
n34-m289	11916	0
n34-m289	11918	0
n34-m289	11927	0
n34-m289	11931	0
n34-m289	11932	0
n34-m289	11934	0
n34-m289	11935	0
n34-m289	11936	0
n34-m289	11937	0
n34-m289	11938	0
n34-m289	11942	0
n34-m289	11943	0
n34-m289	11949	0
n34-m289	11952	0
n34-m289	11953	0
n34-m289	11954	0
n34-m289	11955	0
n34-m289	11956	0
n34-m289	11969	0
n34-m289	11970	0
n34-m289	11971	0
n34-m289	11976	0
n34-m289	11979	0
n34-m289	11980	0
n34-m289	11982	0
n34-m289	11983	0
n34-m289	11985	0
n34-m289	11986	0
n34-m289	11987	0
n34-m289	11988	0
n34-m289	11989	0
n34-m289	11991	0
n34-m289	11992	0
n34-m289	11993	0
n34-m289	11994	0
n34-m289	11996	0
n34-m289	11998	0
n34-m289	11999	0
n34-m289	12000	0
n34-m289	12001	0
n34-m289	12002	0
n34-m289	12007	0
n34-m289	12008	0
n34-m289	12018	0
n34-m289	12019	0
n34-m289	12021	0
n34-m289	12022	0
n34-m289	12023	0
n34-m289	12027	0
n34-m289	12028	0
n34-m289	12033	0
n34-m289	12034	0
n34-m289	12036	0
n34-m289	12037	0
n34-m289	12039	0
n34-m289	12040	0
n34-m289	12041	0
n34-m289	12043	0
n34-m289	12044	0
n34-m289	12045	0
n34-m289	12046	0
n34-m289	12047	0
n34-m289	12048	0
n34-m289	12050	0
n34-m289	12051	0
n34-m289	12052	0
n34-m289	12053	0
n34-m289	12056	0
n34-m289	12057	0
n34-m289	12059	0
n34-m289	12060	0
n34-m289	12062	0
n34-m289	12063	0
n34-m289	12064	0
n34-m289	12066	0
n34-m289	12067	0
n34-m289	12068	0
n34-m289	12069	0
n34-m289	12070	0
n34-m289	12073	0
n34-m289	12074	0
n34-m289	12076	0
n34-m289	12077	0
n34-m289	12079	0
n34-m289	12080	0
n34-m289	12082	0
n34-m289	12083	0
n34-m289	12084	0
n34-m289	12085	0
n34-m289	12086	0
n34-m289	12103	0
n34-m289	12104	0
n34-m289	12106	0
n34-m289	12107	0
n34-m289	12116	0
n34-m289	12117	0
n34-m289	12119	0
n34-m289	12120	0
n34-m289	12121	0
n34-m289	12122	0
n34-m289	12126	0
n34-m289	12127	0
n34-m289	12148	0
n34-m289	12157	0
n34-m289	12218	1
n34-m289	12240	1
n34-m289	12246	1
n34-m289	12257	1
n34-m289	12258	0
n34-m289	12259	1
n34-m289	12263	1
n34-m289	12267	1
n34-m289	12274	1
n34-m289	12275	1
n34-m289	12281	1
n34-m289	12284	1
n34-m289	12285	0
n34-m289	12286	1
n34-m289	12287	1
n34-m289	12288	1
n34-m289	12301	1
n34-m289	12302	0
n34-m289	12303	1
n34-m289	12308	1
n34-m289	12311	1
n34-m289	12312	1
n34-m289	12314	1
n34-m289	12315	1
n34-m289	12317	1
n34-m289	12318	0
n34-m289	12319	0
n34-m289	12320	1
n34-m289	12321	1
n34-m289	12323	1
n34-m289	12324	0
n34-m289	12325	0
n34-m289	12326	1
n34-m289	12328	1
n34-m289	12329	1
n34-m289	12330	1
n34-m289	12332	1
n34-m289	12333	0
n34-m289	12334	0
n34-m289	12335	1
n34-m289	12336	1
n34-m289	12337	1
n34-m289	12339	1
n34-m289	12340	0
n34-m289	12341	0
n34-m289	12342	1
n34-m289	12343	1
n34-m289	12346	1
n34-m289	12347	1
n34-m289	12349	0
n34-m289	12350	0
n34-m289	12352	0
n34-m289	12353	0
n34-m289	12355	1
n34-m289	12356	0
n34-m289	12357	0
n34-m289	12359	1
n34-m289	12360	0
n34-m289	12361	0
n34-m289	12362	1
n34-m289	12363	1
n34-m289	12364	1
n34-m289	12367	1
n34-m289	12368	1
n34-m289	12370	0
n34-m289	12371	0
n34-m289	12373	0
n34-m289	12374	0
n34-m289	12375	0
n34-m289	12377	1
n34-m289	12378	0
n34-m289	12379	0
n34-m289	12380	1
n34-m289	12381	1
n34-m289	12382	0
n34-m289	12383	0
n34-m289	12385	0
n34-m289	12386	0
n34-m289	12387	0
n34-m289	12388	0
n34-m289	12389	0
n34-m289	12391	0
n34-m289	12392	0
n34-m289	12393	0
n34-m289	12394	0
n34-m289	12397	0
n34-m289	12398	0
n34-m289	12400	0
n34-m289	12401	0
n34-m289	12403	0
n34-m289	12404	0
n34-m289	12405	0
n34-m289	12407	0
n34-m289	12408	0
n34-m289	12409	0
n34-m289	12410	0
n34-m289	12411	0
n34-m289	12414	0
n34-m289	12415	0
n34-m289	12417	0
n34-m289	12418	0
n34-m289	12420	0
n34-m289	12421	0
n34-m289	12423	0
n34-m289	12424	0
n34-m289	12425	0
n34-m289	12426	0
n34-m289	12427	0
n34-m289	12432	0
n34-m289	12436	0
n34-m289	12437	0
n34-m289	12439	0
n34-m289	12440	0
n34-m289	12442	0
n34-m289	12443	0
n34-m289	12444	0
n34-m289	12448	0
n34-m289	12454	0
n34-m289	12456	0
n34-m289	12457	0
n34-m289	12460	0
n34-m289	12461	0
n34-m289	12463	0
n34-m289	12464	0
n34-m289	12467	0
n34-m289	12468	0
n34-m289	12470	0
n34-m289	12471	0
n34-m289	12473	0
n34-m289	12474	0
n34-m289	12477	0
n34-m289	12478	0
n34-m289	12480	0
n34-m289	12481	0
n34-m289	12483	0
n34-m289	12484	0
n34-m289	12485	0
n34-m289	12489	0
n34-m289	12493	0
n34-m289	12499	0
n34-m289	12501	0
n34-m289	12502	0
n34-m289	12505	0
n34-m289	12506	0
n34-m289	12508	0
n34-m289	12509	0
n34-m289	12512	0
n34-m289	12513	0
n34-m289	12515	0
n34-m289	12516	0
n34-m289	12519	0
n34-m289	12520	0
n34-m289	12522	0
n34-m289	12523	0
n34-m289	12525	0
n34-m289	12526	0
n34-m289	12528	0
n34-m289	12529	0
n34-m289	12530	0
n34-m289	12531	0
n34-m289	12533	0
n34-m289	12534	0
n34-m289	12535	0
n34-m289	12536	0
n34-m289	12537	0
n34-m289	12594	0
n34-m289	12595	0
n34-m289	12597	0
n34-m289	12598	0
n34-m289	12601	0
n34-m289	12602	0
n34-m289	12604	0
n34-m289	12605	0
n34-m289	12607	0
n34-m289	12608	0
n34-m289	12610	0
n34-m289	12611	0
n34-m289	12612	0
n34-m289	12621	0
n34-m289	12622	0
n34-m289	12624	0
n34-m289	12625	0
n34-m289	12626	0
n34-m289	12627	0
n34-m289	12628	0
n34-m289	12632	0
n34-m289	12633	0
n34-m289	12642	0
n34-m289	12651	0
n34-m289	12652	0
n34-m289	12671	0
n34-m289	12677	0
n34-m289	12679	0
n34-m289	12680	0
n34-m289	12682	0
n34-m289	12683	0
n34-m289	12684	0
n34-m289	12685	0
n34-m289	12686	0
n34-m289	12688	0
n34-m289	12689	0
n34-m289	12690	0
n34-m289	12691	0
n34-m289	12692	0
n34-m289	12694	0
n34-m289	12696	0
n34-m289	12697	0
n34-m289	12698	0
n34-m289	12699	0
n34-m289	12700	0
n34-m289	12705	0
n34-m289	12706	0
n34-m289	12716	0
n34-m289	12717	0
n34-m289	12719	0
n34-m289	12720	0
n34-m289	12721	0
n34-m289	12725	0
n34-m289	12726	0
n34-m289	12731	0
n34-m289	12732	0
n34-m289	12734	0
n34-m289	12735	0
n34-m289	12737	0
n34-m289	12738	0
n34-m289	12739	0
n34-m289	12741	0
n34-m289	12742	0
n34-m289	12743	0
n34-m289	12744	0
n34-m289	12745	0
n34-m289	12747	0
n34-m289	12749	0
n34-m289	12750	0
n34-m289	12751	0
n34-m289	12752	0
n34-m289	12755	0
n34-m289	12756	0
n34-m289	12757	0
n34-m289	12761	0
n34-m289	12762	0
n34-m289	12764	0
n34-m289	12765	0
n34-m289	12767	0
n34-m289	12768	0
n34-m289	12769	0
n34-m289	12771	0
n34-m289	12772	0
n34-m289	12773	0
n34-m289	12778	0
n34-m289	12779	0
n34-m289	12781	0
n34-m289	12782	0
n34-m289	12784	0
n34-m289	12785	0
n34-m289	12787	0
n34-m289	12788	0
n34-m289	12789	0
n34-m289	12790	0
n34-m289	12791	0
n34-m289	12792	0
n34-m289	12794	0
n34-m289	12795	0
n34-m289	12796	0
n34-m289	12797	0
n34-m289	12800	0
n34-m289	12801	0
n34-m289	12803	0
n34-m289	12804	0
n34-m289	12806	0
n34-m289	12807	0
n34-m289	12809	0
n34-m289	12810	0
n34-m289	12811	0
n34-m289	12812	0
n34-m289	12813	0
n34-m289	12837	0
n34-m289	12838	0
n34-m289	12840	0
n34-m289	12841	0
n34-m289	12843	0
n34-m289	12844	0
n34-m289	12846	0
n34-m289	12847	0
n34-m289	12848	0
n34-m289	12849	0
n34-m289	12851	0
n34-m289	12852	0
n34-m289	12853	0
n34-m289	12854	0
n34-m289	12855	0
n34-m289	12858	0
n34-m289	12859	0
n34-m289	12861	0
n34-m289	12862	0
n34-m289	12864	0
n34-m289	12865	0
n34-m289	12866	0
n34-m289	12868	0
n34-m289	12869	0
n34-m289	12870	0
n34-m289	12871	0
n34-m289	12887	0
n34-m289	12893	0
n34-m289	12895	0
n34-m289	12896	0
n34-m289	12898	0
n34-m289	12899	0
n34-m289	12900	0
n34-m289	12901	0
n34-m289	12902	0
n34-m289	12904	0
n34-m289	12905	0
n34-m289	12906	0
n34-m289	12907	0
n34-m289	12913	0
n34-m289	12914	0
n34-m289	12921	0
n34-m289	12932	0
n34-m289	12933	0
n34-m289	12936	0
n34-m289	12937	0
n34-m289	12941	0
n34-m289	12950	0
n34-m289	12951	0
n34-m289	12953	0
n34-m289	12954	0
n34-m289	12955	0
n34-m289	12958	0
n34-m289	12959	0
n34-m289	12962	0
n34-m289	12964	0
n34-m289	12965	0
n34-m289	12966	0
n34-m289	12967	0
n34-m289	12968	0
n34-m289	12970	0
n34-m289	12971	0
n34-m289	12972	0
n34-m289	12973	0
n34-m289	12985	0
n34-m289	12986	0
n34-m289	12987	0
n34-m289	12988	0
n34-m289	12989	0
n34-m289	12990	0
n34-m289	12992	0
n34-m289	12993	0
n34-m289	12994	0
n34-m289	12995	0
n34-m289	13007	0
n34-m289	13008	0
n34-m289	13009	0
n34-m289	13010	0
n34-m289	13011	0
n34-m289	13014	0
n34-m289	13015	0
n34-m289	13017	0
n34-m289	13018	0
n34-m289	13020	0
n34-m289	13021	0
n34-m289	13023	0
n34-m289	13024	0
n34-m289	13025	0
n34-m289	13026	0
n34-m289	13028	0
n34-m289	13029	0
n34-m289	13030	0
n34-m289	13031	0
n34-m289	13032	0
n34-m289	13035	0
n34-m289	13036	0
n34-m289	13038	0
n34-m289	13039	0
n34-m289	13041	0
n34-m289	13042	0
n34-m289	13043	0
n34-m289	13045	0
n34-m289	13046	0
n34-m289	13047	0
n34-m289	13048	0
n34-m289	13049	0
n34-m289	13050	0
n34-m289	13055	0
n34-m289	13056	0
n34-m289	13061	0
n34-m289	13062	0
n34-m289	13064	0
n34-m289	13069	0
n34-m289	13070	0
n34-m289	13073	0
n34-m289	13074	0
n34-m289	13075	0
n34-m289	13076	0
n34-m289	13082	0
n34-m289	13089	0
n34-m289	13105	0
n34-m289	13108	0
n34-m289	13110	0
n34-m289	13111	0
n34-m289	13112	0
n34-m289	13113	0
n34-m289	13114	0
n34-m289	13119	0
n34-m289	13121	0
n34-m289	13122	0
n34-m289	13123	0
n34-m289	13124	0
n34-m289	13125	0
n34-m289	13126	0
n34-m289	13131	0
n34-m289	13133	0
n34-m289	13134	0
n34-m289	13135	0
n34-m289	13136	0
n34-m289	13137	0
n34-m289	13146	0
n34-m289	13147	0
n34-m289	13149	0
n34-m289	13150	0
n34-m289	13151	0
n34-m289	13152	0
n34-m289	13156	0
n34-m289	13157	0
n34-m289	13167	0
n34-m289	13168	0
n34-m289	13169	0
n34-m289	13173	0
n34-m289	13175	0
n34-m289	13176	0
n34-m289	13178	0
n34-m289	13179	0
n34-m289	13180	0
n34-m289	13181	0
n34-m289	13183	0
n34-m289	13184	0
n34-m289	13185	0
n34-m289	13186	0
n34-m289	13187	0
n34-m289	13192	0
n34-m289	13198	0
n34-m289	13209	0
n34-m289	13210	0
n34-m289	13220	0
n34-m289	13222	0
n34-m289	13223	0
n34-m289	13224	0
n34-m289	13225	0
n34-m289	13226	0
n34-m289	13232	0
n34-m289	13247	0
n34-m289	13248	0
n34-m289	13257	0
n34-m289	13258	0
n34-m289	13259	0
n34-m289	13260	0
n34-m289	13265	0
n34-m289	13277	0
n34-m289	13278	0
n34-m289	13289	0
n34-m289	13291	0
n34-m289	13292	0
n34-m289	13293	0
n34-m289	13294	0
n34-m289	13295	0
n34-m289	13313	0
n34-m289	13314	0
n34-m289	13329	0
n34-m289	13330	0
n34-m289	13347	0
n34-m289	13363	0
n34-m289	13377	0
n34-m289	13379	0
n34-m289	13380	0
n34-m289	13384	0
n34-m289	13388	0
n34-m289	13394	0
n34-m289	13395	0
n34-m289	13397	0
n34-m289	13398	0
n34-m289	13400	0
n34-m289	13401	0
n34-m289	13402	0
n34-m289	13404	0
n34-m289	13405	0
n34-m289	13406	0
n34-m289	13407	0
n34-m289	13408	0
n34-m289	13412	0
n34-m289	13417	0
n34-m289	13419	0
n34-m289	13421	0
n34-m289	13426	0
n34-m289	13429	0
n34-m289	13430	0
n34-m289	13431	0
n34-m289	13432	0
n34-m289	13433	0
n34-m289	13434	0
n34-m289	13435	0
n34-m289	13437	0
n34-m289	13438	0
n34-m289	13439	0
n34-m289	13440	0
n34-m289	13446	0
n34-m289	13447	0
n34-m289	13449	0
n34-m289	13450	0
n34-m289	13451	0
n34-m289	13454	0
n34-m289	13455	0
n34-m289	13459	0
n34-m289	13460	0
n34-m289	13462	0
n34-m289	13463	0
n34-m289	13464	0
n34-m289	13465	0
n34-m289	13467	0
n34-m289	13470	0
n34-m289	13471	0
n34-m289	13480	0
n34-m289	13481	0
n34-m289	13482	0
n34-m289	13486	0
n34-m289	13497	0
n34-m289	13508	0
n34-m289	13509	0
n34-m289	13518	0
n34-m289	13519	0
n34-m289	13521	0
n34-m289	13523	0
n34-m289	13524	0
n34-m289	13526	0
n34-m289	13527	0
n34-m289	13528	0
n34-m289	13529	0
n34-m289	13530	0
n34-m289	13537	0
n35-m306	17	0
n35-m306	18	0
n35-m306	21	0
n35-m306	29	0
n35-m306	36	0
n35-m306	38	0
n35-m306	47	0
n35-m306	48	0
n35-m306	51	0
n35-m306	52	0
n35-m306	56	0
n35-m306	86	0
n35-m306	88	0
n35-m306	90	0
n35-m306	91	0
n35-m306	92	0
n35-m306	94	0
n35-m306	95	0
n35-m306	96	0
n35-m306	97	0
n35-m306	98	0
n35-m306	100	0
n35-m306	109	0
n35-m306	112	0
n35-m306	114	0
n35-m306	115	0
n35-m306	140	0
n35-m306	142	0
n35-m306	143	0
n35-m306	146	0
n35-m306	200	0
n35-m306	204	0
n35-m306	214	0
n35-m306	217	0
n35-m306	218	0
n35-m306	219	0
n35-m306	220	0
n35-m306	221	0
n35-m306	226	0
n35-m306	246	0
n35-m306	253	0
n35-m306	254	0
n35-m306	255	0
n35-m306	256	0
n35-m306	257	0
n35-m306	259	0
n35-m306	260	0
n35-m306	261	0
n35-m306	262	0
n35-m306	267	0
n35-m306	270	0
n35-m306	271	0
n35-m306	275	0
n35-m306	276	0
n35-m306	294	0
n35-m306	299	0
n35-m306	304	0
n35-m306	309	0
n35-m306	314	0
n35-m306	319	0
n35-m306	320	0
n35-m306	322	0
n35-m306	323	0
n35-m306	324	0
n35-m306	325	0
n35-m306	329	0
n35-m306	333	0
n35-m306	404	0
n35-m306	420	0
n35-m306	424	0
n35-m306	428	0
n35-m306	429	0
n35-m306	430	0
n35-m306	436	0
n35-m306	439	0
n35-m306	442	0
n35-m306	446	0
n35-m306	454	0
