state	method	record
29	post-pair relational full independent-audit closure	POST_PAIR_RELATIONAL_FULL_PROMOTION_AUDIT.md
36	post-pair relational full independent-audit closure	POST_PAIR_RELATIONAL_FULL_PROMOTION_AUDIT.md
38	post-pair relational full independent-audit closure	POST_PAIR_RELATIONAL_FULL_PROMOTION_AUDIT.md
47	post-pair relational full independent-audit closure	POST_PAIR_RELATIONAL_FULL_PROMOTION_AUDIT.md
48	post-pair relational full independent-audit closure	POST_PAIR_RELATIONAL_FULL_PROMOTION_AUDIT.md
51	post-pair relational full independent-audit closure	POST_PAIR_RELATIONAL_FULL_PROMOTION_AUDIT.md
52	post-pair relational full independent-audit closure	POST_PAIR_RELATIONAL_FULL_PROMOTION_AUDIT.md
56	post-pair relational full independent-audit closure	POST_PAIR_RELATIONAL_FULL_PROMOTION_AUDIT.md
86	post-pair relational full independent-audit closure	POST_PAIR_RELATIONAL_FULL_PROMOTION_AUDIT.md
88	post-pair relational full independent-audit closure	POST_PAIR_RELATIONAL_FULL_PROMOTION_AUDIT.md
90	post-pair relational full independent-audit closure	POST_PAIR_RELATIONAL_FULL_PROMOTION_AUDIT.md
91	post-pair relational full independent-audit closure	POST_PAIR_RELATIONAL_FULL_PROMOTION_AUDIT.md
92	post-pair relational full independent-audit closure	POST_PAIR_RELATIONAL_FULL_PROMOTION_AUDIT.md
94	post-pair relational full independent-audit closure	POST_PAIR_RELATIONAL_FULL_PROMOTION_AUDIT.md
95	post-pair relational full independent-audit closure	POST_PAIR_RELATIONAL_FULL_PROMOTION_AUDIT.md
96	post-pair relational full independent-audit closure	POST_PAIR_RELATIONAL_FULL_PROMOTION_AUDIT.md
97	post-pair relational full independent-audit closure	POST_PAIR_RELATIONAL_FULL_PROMOTION_AUDIT.md
98	post-pair relational full independent-audit closure	POST_PAIR_RELATIONAL_FULL_PROMOTION_AUDIT.md
100	post-pair relational full independent-audit closure	POST_PAIR_RELATIONAL_FULL_PROMOTION_AUDIT.md
109	post-pair relational full independent-audit closure	POST_PAIR_RELATIONAL_FULL_PROMOTION_AUDIT.md
112	post-pair relational full independent-audit closure	POST_PAIR_RELATIONAL_FULL_PROMOTION_AUDIT.md
114	post-pair relational full independent-audit closure	POST_PAIR_RELATIONAL_FULL_PROMOTION_AUDIT.md
115	post-pair relational full independent-audit closure	POST_PAIR_RELATIONAL_FULL_PROMOTION_AUDIT.md
140	post-pair relational full independent-audit closure	POST_PAIR_RELATIONAL_FULL_PROMOTION_AUDIT.md
142	post-pair relational full independent-audit closure	POST_PAIR_RELATIONAL_FULL_PROMOTION_AUDIT.md
143	post-pair relational full independent-audit closure	POST_PAIR_RELATIONAL_FULL_PROMOTION_AUDIT.md
146	post-pair relational full independent-audit closure	POST_PAIR_RELATIONAL_FULL_PROMOTION_AUDIT.md
200	post-pair relational full independent-audit closure	POST_PAIR_RELATIONAL_FULL_PROMOTION_AUDIT.md
204	post-pair relational full independent-audit closure	POST_PAIR_RELATIONAL_FULL_PROMOTION_AUDIT.md
214	post-pair relational full independent-audit closure	POST_PAIR_RELATIONAL_FULL_PROMOTION_AUDIT.md
217	post-pair relational full independent-audit closure	POST_PAIR_RELATIONAL_FULL_PROMOTION_AUDIT.md
218	post-pair relational full independent-audit closure	POST_PAIR_RELATIONAL_FULL_PROMOTION_AUDIT.md
219	post-pair relational full independent-audit closure	POST_PAIR_RELATIONAL_FULL_PROMOTION_AUDIT.md
220	post-pair relational full independent-audit closure	POST_PAIR_RELATIONAL_FULL_PROMOTION_AUDIT.md
221	post-pair relational full independent-audit closure	POST_PAIR_RELATIONAL_FULL_PROMOTION_AUDIT.md
226	post-pair relational full independent-audit closure	POST_PAIR_RELATIONAL_FULL_PROMOTION_AUDIT.md
246	post-pair relational full independent-audit closure	POST_PAIR_RELATIONAL_FULL_PROMOTION_AUDIT.md
253	post-pair relational full independent-audit closure	POST_PAIR_RELATIONAL_FULL_PROMOTION_AUDIT.md
254	post-pair relational full independent-audit closure	POST_PAIR_RELATIONAL_FULL_PROMOTION_AUDIT.md
255	post-pair relational full independent-audit closure	POST_PAIR_RELATIONAL_FULL_PROMOTION_AUDIT.md
256	post-pair relational full independent-audit closure	POST_PAIR_RELATIONAL_FULL_PROMOTION_AUDIT.md
257	post-pair relational full independent-audit closure	POST_PAIR_RELATIONAL_FULL_PROMOTION_AUDIT.md
259	post-pair relational full independent-audit closure	POST_PAIR_RELATIONAL_FULL_PROMOTION_AUDIT.md
260	post-pair relational full independent-audit closure	POST_PAIR_RELATIONAL_FULL_PROMOTION_AUDIT.md
261	post-pair relational full independent-audit closure	POST_PAIR_RELATIONAL_FULL_PROMOTION_AUDIT.md
262	post-pair relational full independent-audit closure	POST_PAIR_RELATIONAL_FULL_PROMOTION_AUDIT.md
267	post-pair relational full independent-audit closure	POST_PAIR_RELATIONAL_FULL_PROMOTION_AUDIT.md
270	post-pair relational full independent-audit closure	POST_PAIR_RELATIONAL_FULL_PROMOTION_AUDIT.md
271	post-pair relational full independent-audit closure	POST_PAIR_RELATIONAL_FULL_PROMOTION_AUDIT.md
275	post-pair relational full independent-audit closure	POST_PAIR_RELATIONAL_FULL_PROMOTION_AUDIT.md
276	post-pair relational full independent-audit closure	POST_PAIR_RELATIONAL_FULL_PROMOTION_AUDIT.md
294	post-pair relational full independent-audit closure	POST_PAIR_RELATIONAL_FULL_PROMOTION_AUDIT.md
299	post-pair relational full independent-audit closure	POST_PAIR_RELATIONAL_FULL_PROMOTION_AUDIT.md
304	post-pair relational full independent-audit closure	POST_PAIR_RELATIONAL_FULL_PROMOTION_AUDIT.md
309	post-pair relational full independent-audit closure	POST_PAIR_RELATIONAL_FULL_PROMOTION_AUDIT.md
314	post-pair relational full independent-audit closure	POST_PAIR_RELATIONAL_FULL_PROMOTION_AUDIT.md
319	post-pair relational full independent-audit closure	POST_PAIR_RELATIONAL_FULL_PROMOTION_AUDIT.md
320	post-pair relational full independent-audit closure	POST_PAIR_RELATIONAL_FULL_PROMOTION_AUDIT.md
322	post-pair relational full independent-audit closure	POST_PAIR_RELATIONAL_FULL_PROMOTION_AUDIT.md
323	post-pair relational full independent-audit closure	POST_PAIR_RELATIONAL_FULL_PROMOTION_AUDIT.md
324	post-pair relational full independent-audit closure	POST_PAIR_RELATIONAL_FULL_PROMOTION_AUDIT.md
325	post-pair relational full independent-audit closure	POST_PAIR_RELATIONAL_FULL_PROMOTION_AUDIT.md
329	post-pair relational full independent-audit closure	POST_PAIR_RELATIONAL_FULL_PROMOTION_AUDIT.md
333	post-pair relational full independent-audit closure	POST_PAIR_RELATIONAL_FULL_PROMOTION_AUDIT.md
404	post-pair relational full independent-audit closure	POST_PAIR_RELATIONAL_FULL_PROMOTION_AUDIT.md
420	post-pair relational full independent-audit closure	POST_PAIR_RELATIONAL_FULL_PROMOTION_AUDIT.md
424	post-pair relational full independent-audit closure	POST_PAIR_RELATIONAL_FULL_PROMOTION_AUDIT.md
428	post-pair relational full independent-audit closure	POST_PAIR_RELATIONAL_FULL_PROMOTION_AUDIT.md
429	post-pair relational full independent-audit closure	POST_PAIR_RELATIONAL_FULL_PROMOTION_AUDIT.md
430	post-pair relational full independent-audit closure	POST_PAIR_RELATIONAL_FULL_PROMOTION_AUDIT.md
436	post-pair relational full independent-audit closure	POST_PAIR_RELATIONAL_FULL_PROMOTION_AUDIT.md
439	post-pair relational full independent-audit closure	POST_PAIR_RELATIONAL_FULL_PROMOTION_AUDIT.md
442	post-pair relational full independent-audit closure	POST_PAIR_RELATIONAL_FULL_PROMOTION_AUDIT.md
446	post-pair relational full independent-audit closure	POST_PAIR_RELATIONAL_FULL_PROMOTION_AUDIT.md
454	post-pair relational full independent-audit closure	POST_PAIR_RELATIONAL_FULL_PROMOTION_AUDIT.md
